"측정년도","측정소명","이산화질소농도(ppm)","오존농도(ppm)","일산화탄소농도(ppm)","아황산가스(ppm)","미세먼지(㎍/㎥)","초미세먼지(㎍/㎥)"
"2023","강남구","0.041","0.012","0.7","0.004","63","38"
"2023","강남대로","0.044","0.009","1","0.004","68","44"
"2023","강동구","0.033","0.011","0.7","0.003","67","44"
"2023","강변북로","0.046","0.009","0.9","0.003","65","44"
"2023","강북구","0.032","0.016","0.8","0.003","64","34"
"2023","강서구","0.04","0.013","0.8","0.004","77","39"
"2023","공항대로","0.044","0.009","0.8","0.004","67","39"
"2023","관악구","0.043","0.011","0.8","0.003","68","37"
"2023","관악산","0.014","0.035","0.3","0.004","50","26"
"2023","광진구","0.027","0.011","0.8","0.003","62","38"
"2023","구로구","0.035","0.011","0.5","0.003","69","40"
"2023","금천구","0.038","0.013","0.7","0.004","60","41"
"2023","남산","0.033","0.015","1","0.004","62","39"
"2023","노원구","0.046","0.013","0.8","0.004","65","42"
"2023","도봉구","0.033","0.017","0.8","0.003","57","35"
"2023","도산대로","0.042","0.008","0.9","0.004","54","44"
"2023","동대문구","0.04","0.013","0.8","0.004","61","37"
"2023","동작구","0.043","0.012","0.7","0.004","68","43"
"2023","동작대로","0.048","0.01","0.9","0.004","70","41"
"2023","마포구","0.042","0.011","0.8","0.004","55","43"
"2023","마포아트센터","0.042","0.014","0.8","0.004","68","39"
"2023","북한산","0.015","0.026","0.4","0.003","52","31"
"2023","서대문구","0.036","0.014","0.9","0.006","61","36"
"2023","서울숲","0.041","0.012","0.9","0.004","64","38"
"2023","서초구","0.041","0.01","0.5","0.003","65","41"
"2023","성동구","0.04","0.011","0.7","0.004","66","34"
"2023","성북구","0.042","0.012","0.8","0.004","63","38"
"2023","세곡","0.04","0.011","1","0.005","66","42"
"2023","송파구","0.042","0.011","0.8","0.003","65","40"
"2023","시흥대로","0.049","0.009","0.8","0.004","64","32"
"2023","신촌로","0.046","0.008","0.9","0.004","73","46"
"2023","양천구","0.039","0.01","0.8","0.004","72","44"
"2023","영등포구","0.043","0.011","0.8","0.004","66","43"
"2023","영등포로","0.046","0.009","0.8","0.004","69","45"
"2023","올림픽공원","0.039","0.016","0.8","0.003","62","45"
"2023","용산구","0.037","0.012","0.7","0.004","61","37"
"2023","은평구","0.03","0.015","0.9","0.004","60","33"
"2023","자연사박물관","0.037","0.017","0.6","0.004","60","37"
"2023","정릉로","0.045","0.008","0.9","0.004","65","41"
"2023","종로","0.043","0.011","0.9","0.004","62","32"
"2023","종로구","0.04","0.013","0.8","0.004","63","43"
"2023","중구","0.038","0.018","0.7","0.004","67","48"
"2023","중랑구","0.04","0.013","0.7","0.003","62","40"
"2023","천호대로","0.047","0.008","0.9","0.004","66","41"
"2023","청계천로","0.039","0.011","0.8","0.004","66","37"
"2023","한강대로","0.044","0.012","0.9","0.003","70","41"
"2023","항동","0.023","0.014","0.9","0.004","58","36"
"2023","행주","0.031","0.014","0.6","0.004","62","35"
"2023","홍릉로","0.041","0.009","0.8","0.004","62","43"
"2023","화랑로","0.047","0.008","0.8","0.003","62","38"
"2022","강남구","0.023","0.03","0.4","0.003","32","18"
"2022","강남대로","0.031","0.019","0.6","0.003","37","19"
"2022","강동구","0.02","0.025","0.4","0.003","34","19"
"2022","강변북로","0.032","0.02","0.6","0.003","36","19"
"2022","강북구","0.015","0.032","0.4","0.002","34","18"
"2022","강서구","0.022","0.03","0.5","0.003","37","19"
"2022","공항대로","0.029","0.024","0.5","0.003","37","19"
"2022","관악구","0.023","0.027","0.5","0.003","34","18"
"2022","관악산","0.009","0.045","0.4","0.003","29","16"
"2022","광진구","0.019","0.028","0.5","0.003","32","18"
"2022","구로구","0.02","0.03","0.4","0.003","35","17"
"2022","금천구","0.022","0.029","0.4","0.003","31","19"
"2022","남산","0.019","0.036","0.5","0.003","28","14"
"2022","노원구","0.021","0.03","0.5","0.003","34","21"
"2022","도봉구","0.016","0.031","0.5","0.003","29","17"
"2022","도산대로","0.026","0.025","0.6","0.003","37","19"
"2022","동대문구","0.022","0.031","0.4","0.003","34","19"
"2022","동작구","0.022","0.031","0.4","0.003","35","20"
"2022","동작대로","0.034","0.024","0.5","0.003","37","20"
"2022","마포구","0.023","0.029","0.4","0.003","30","18"
"2022","마포아트센터","0.022","0.035","0.5","0.003","32","16"
"2022","북한산","0.009","0.035","0.3","0.002","26","16"
"2022","서대문구","0.018","0.029","0.6","0.003","30","16"
"2022","서울숲","0.02","0.026","0.5","0.003","34","16"
"2022","서초구","0.022","0.028","0.4","0.002","32","17"
"2022","성동구","0.021","0.028","0.4","0.003","35","16"
"2022","성북구","0.024","0.028","0.5","0.003","34","18"
"2022","세곡","0.023","0.025","0.6","0.003","36","18"
"2022","송파구","0.025","0.027","0.5","0.003","35","19"
"2022","시흥대로","0.035","0.022","0.5","0.003","36","18"
"2022","신촌로","0.034","0.022","0.6","0.003","39","20"
"2022","양천구","0.021","0.027","0.5","0.003","35","20"
"2022","영등포구","0.023","0.028","0.5","0.003","32","18"
"2022","영등포로","0.031","0.023","0.5","0.003","34","20"
"2022","올림픽공원","0.02","0.032","0.5","0.003","31","19"
"2022","용산구","0.021","0.029","0.4","0.003","33","19"
"2022","은평구","0.017","0.029","0.5","0.003","33","19"
"2022","자연사박물관","0.019","0.035","0.5","0.003","30","16"
"2022","정릉로","0.034","0.022","0.5","0.003","36","20"
"2022","종로","0.024","0.024","0.5","0.003","34","17"
"2022","종로구","0.022","0.031","0.5","0.003","33","20"
"2022","중구","0.024","0.03","0.4","0.003","30","19"
"2022","중랑구","0.021","0.031","0.4","0.003","33","18"
"2022","천호대로","0.031","0.022","0.5","0.003","37","19"
"2022","청계천로","0.026","0.026","0.5","0.004","37","20"
"2022","한강대로","0.029","0.02","0.5","0.003","43","19"
"2022","항동","0.019","0.026","0.5","0.003","33","16"
"2022","행주","0.017","0.028","0.5","0.003","34","17"
"2022","홍릉로","0.027","0.024","0.5","0.003","35","20"
"2022","화랑로","0.034","0.022","0.5","0.003","32","19"
"2021","강남구","0.024","0.028","0.4","0.003","37","20"
"2021","강남대로","0.032","0.02","0.7","0.003","40","19"
"2021","강동구","0.022","0.025","0.4","0.003","40","21"
"2021","강변북로","0.031","0.021","0.6","0.003","39","21"
"2021","강북구","0.016","0.029","0.4","0.003","39","19"
"2021","강서구","0.026","0.029","0.5","0.003","41","22"
"2021","공항대로","0.033","0.025","0.5","0.003","43","20"
"2021","관악구","0.027","0.028","0.5","0.003","36","19"
"2021","관악산","0.009","0.047","0.3","0.003","34","16"
"2021","광진구","0.02","0.027","0.5","0.003","37","20"
"2021","구로구","0.024","0.031","0.4","0.003","41","20"
"2021","금천구","0.025","0.028","0.4","0.003","38","22"
"2021","남산","0.016","0.034","0.5","0.003","33","18"
"2021","노원구","0.022","0.028","0.5","0.003","38","21"
"2021","도봉구","0.017","0.03","0.4","0.003","37","18"
"2021","도산대로","0.031","0.023","0.7","0.003","42","21"
"2021","동대문구","0.025","0.029","0.4","0.003","38","20"
"2021","동작구","0.024","0.027","0.4","0.003","41","21"
"2021","동작대로","0.039","0.021","0.5","0.003","42","19"
"2021","마포구","0.027","0.027","0.5","0.003","36","19"
"2021","마포아트센터","0.023","0.034","0.6","0.003","36","20"
"2021","북한산","0.011","0.033","0.4","0.002","31","18"
"2021","서대문구","0.018","0.029","0.5","0.004","34","20"
"2021","서울숲","0.024","0.027","0.5","0.003","40","19"
"2021","서초구","0.025","0.028","0.4","0.003","39","19"
"2021","성동구","0.027","0.03","0.4","0.003","38","19"
"2021","성북구","0.025","0.027","0.6","0.003","39","18"
"2021","세곡","0.024","0.025","0.6","0.003","41","20"
"2021","송파구","0.027","0.028","0.5","0.003","38","19"
"2021","시흥대로","0.042","0.02","0.6","0.004","47","23"
"2021","신촌로","0.039","0.018","0.6","0.003","41","22"
"2021","양천구","0.025","0.027","0.5","0.003","41","21"
"2021","영등포구","0.027","0.026","0.5","0.003","37","21"
"2021","영등포로","0.035","0.021","0.6","0.003","40","21"
"2021","올림픽공원","0.02","0.031","0.5","0.003","32","19"
"2021","용산구","0.022","0.023","0.4","0.003","37","19"
"2021","은평구","0.018","0.031","0.5","0.003","38","21"
"2021","자연사박물관","0.02","0.037","0.6","0.004","36","19"
"2021","정릉로","0.038","0.021","0.5","0.003","40","20"
"2021","종로","0.031","0.023","0.5","0.003","38","18"
"2021","종로구","0.023","0.029","0.5","0.003","40","21"
"2021","중구","0.027","0.026","0.5","0.003","41","21"
"2021","중랑구","0.023","0.029","0.4","0.003","38","18"
"2021","천호대로","0.033","0.022","0.5","0.003","45","21"
"2021","청계천로","0.031","0.026","0.6","0.004","40","22"
"2021","한강대로","0.031","0.017","0.6","0.003","46","20"
"2021","항동","0.023","0.026","0.4","0.003","40","19"
"2021","행주","0.021","0.03","0.6","0.003","40","20"
"2021","홍릉로","0.032","0.022","0.5","0.003","39","20"
"2021","화랑로","0.035","0.016","0.5","0.003","40","20"
"2020","강남구","0.025","0.026","0.5","0.003","32","21"
"2020","강남대로","0.034","0.018","0.7","0.003","37","19"
"2020","강동구","0.025","0.023","0.5","0.003","37","23"
"2020","강변북로","0.034","0.02","0.6","0.003","37","20"
"2020","강북구","0.02","0.024","0.4","0.003","38","21"
"2020","강서구","0.023","0.026","0.4","0.004","38","21"
"2020","공항대로","0.031","0.019","0.5","0.004","42","22"
"2020","관악구","0.028","0.025","0.5","0.003","35","19"
"2020","관악산","0.011","0.032","0.4","0.004","31","16"
"2020","광진구","0.02","0.024","0.6","0.003","34","20"
"2020","구로구","0.023","0.028","0.3","0.003","38","21"
"2020","금천구","0.025","0.022","0.5","0.003","35","22"
"2020","남산","0.022","0.031","0.6","0.003","30","17"
"2020","노원구","0.023","0.026","0.5","0.003","36","23"
"2020","도봉구","0.019","0.028","0.4","0.003","32","20"
"2020","도산대로","0.031","0.02","0.7","0.003","38","20"
"2020","동대문구","0.025","0.026","0.5","0.003","33","19"
"2020","동작구","0.025","0.023","0.4","0.003","40","22"
"2020","동작대로","0.042","0.02","0.5","0.004","42","22"
"2020","마포구","0.028","0.023","0.5","0.003","33","21"
"2020","마포아트센터","0.022","0.031","0.3","0.003","34","19"
"2020","북한산","0.011","0.032","0.4","0.002","30","15"
"2020","서대문구","0.02","0.027","0.6","0.003","34","20"
"2020","서울숲","0.022","0.02","0.4","0.003","33","17"
"2020","서초구","0.026","0.029","0.4","0.003","39","21"
"2020","성동구","0.025","0.025","0.4","0.003","34","21"
"2020","성북구","0.028","0.024","0.6","0.003","36","19"
"2020","세곡","0.027","0.019","0.7","0.003","38","21"
"2020","송파구","0.028","0.022","0.5","0.003","34","21"
"2020","시흥대로","0.038","0.02","0.6","0.004","41","23"
"2020","신촌로","0.037","0.019","0.6","0.003","40","24"
"2020","양천구","0.026","0.024","0.5","0.004","38","22"
"2020","영등포구","0.026","0.024","0.5","0.003","34","21"
"2020","영등포로","0.037","0.019","0.6","0.003","39","23"
"2020","올림픽공원","0.018","0.023","0.4","0.004","32","20"
"2020","용산구","0.02","0.022","0.5","0.003","36","20"
"2020","은평구","0.017","0.029","0.5","0.003","34","19"
"2020","자연사박물관","0.019","0.032","0.5","0.006","33","20"
"2020","정릉로","0.035","0.018","0.5","0.004","41","25"
"2020","종로","0.025","0.023","0.5","0.003","39","22"
"2020","종로구","0.025","0.025","0.5","0.004","36","22"
"2020","중구","0.024","0.024","0.5","0.003","36","23"
"2020","중랑구","0.024","0.024","0.5","0.003","35","19"
"2020","천호대로","0.035","0.021","0.6","0.004","41","21"
"2020","청계천로","0.028","0.022","0.6","0.004","39","26"
"2020","한강대로","0.03","0.02","0.6","0.003","42","21"
"2020","항동","0.023","0.023","0.4","0.003","37","21"
"2020","행주","0.026","0.022","0.7","0.003","37","21"
"2020","홍릉로","0.033","0.022","0.5","0.003","35","20"
"2020","화랑로","0.03","0.022","0.4","0.004","42","22"
"2019","강남구","0.028","0.022","0.5","0.005","41","25"
"2019","강남대로","0.047","0.017","0.6","0.004","47","26"
"2019","강동구","0.03","0.022","0.5","0.004","43","26"
"2019","강변북로","0.047","0.015","0.5","0.004","46","25"
"2019","강북구","0.021","0.028","0.5","0.003","46","25"
"2019","강서구","0.03","0.027","0.5","0.005","47","26"
"2019","공항대로","0.039","0.018","0.6","0.005","48","27"
"2019","관악구","0.031","0.026","0.5","0.004","50","29"
"2019","관악산","0.012","0.028","0.4","0.004","41","23"
"2019","광진구","0.027","0.022","0.7","0.004","43","27"
"2019","구로구","0.026","0.027","0.4","0.005","45","26"
"2019","금천구","0.031","0.022","0.5","0.004","39","25"
"2019","남산","0.023","0.03","0.8","0.005","43","24"
"2019","노원구","0.027","0.022","0.6","0.005","42","28"
"2019","도봉구","0.019","0.029","0.6","0.004","39","22"
"2019","도산대로","0.03","0.02","0.8","0.004","49","28"
"2019","동대문구","0.029","0.027","0.5","0.005","40","25"
"2019","동작구","0.03","0.024","0.5","0.003","44","27"
"2019","동작대로","0.047","0.017","0.6","0.006","47","25"
"2019","마포구","0.027","0.025","0.5","0.004","48","28"
"2019","마포아트센터","0.024","0.03","0.3","0.003","34","19"
"2019","북한산","0.011","0.029","0.6","0.003","35","21"
"2019","서대문구","0.023","0.027","0.8","0.004","42","24"
"2019","서울숲","0.024","0.023","0.5","0.004","42","20"
"2019","서초구","0.03","0.027","0.4","0.004","44","26"
"2019","성동구","0.032","0.027","0.5","0.004","46","26"
"2019","성북구","0.032","0.023","0.7","0.003","45","23"
"2019","세곡","0.032","0.018","0.9","0.004","37","21"
"2019","송파구","0.033","0.023","0.5","0.003","41","24"
"2019","시흥대로","0.045","0.02","0.7","0.004","42","23"
"2019","신촌로","0.047","0.018","0.7","0.004","45","27"
"2019","양천구","0.032","0.024","0.5","0.004","48","26"
"2019","영등포구","0.031","0.022","0.5","0.003","46","30"
"2019","영등포로","0.046","0.017","0.7","0.004","46","26"
"2019","올림픽공원","0.022","0.02","0.6","0.003","34","18"
"2019","용산구","0.032","0.023","0.5","0.003","35","24"
"2019","은평구","0.024","0.03","0.6","0.005","42","24"
"2019","자연사박물관","","0.018","0.5","","37","19"
"2019","정릉로","0.046","0.014","0.5","0.004","45","28"
"2019","종로","0.033","0.022","0.5","0.003","40","22"
"2019","종로구","0.03","0.023","0.6","0.004","38","23"
"2019","중구","0.032","0.027","0.6","0.003","38","23"
"2019","중랑구","0.024","0.025","0.5","0.006","38","24"
"2019","천호대로","0.041","0.02","0.6","0.003","47","23"
"2019","청계천로","0.036","0.022","0.7","0.004","40","26"
"2019","한강대로","0.04","0.017","0.6","0.004","49","28"
"2019","항동","0.033","0.021","0.6","0.004","40","23"
"2019","행주","0.025","0.028","0.7","0.004","45","23"
"2019","홍릉로","0.033","0.023","0.6","0.004","50","30"
"2019","화랑로","0.035","0.02","0.4","0.004","43","25"
"2018","강남구","0.031","0.017","0.5","0.005","35","22"
"2018","강남대로","0.045","0.015","0.6","0.004","47","26"
"2018","강동구","0.03","0.021","0.5","0.005","44","23"
"2018","강변북로","0.04","0.014","0.5","0.004","46","24"
"2018","강북구","0.021","0.029","0.4","0.003","35","19"
"2018","강서구","0.031","0.025","0.5","0.004","39","22"
"2018","공항대로","0.043","0.015","0.5","0.006","49","27"
"2018","관악구","0.032","0.023","0.4","0.004","44","27"
"2018","관악산","0.013","0.026","","0.004","33","18"
"2018","광진구","0.027","0.021","0.6","0.005","40","21"
"2018","구로구","0.026","0.026","0.4","0.005","43","23"
"2018","금천구","0.031","0.023","0.5","0.004","39","23"
"2018","남산","0.029","0.028","0.6","0.005","38","19"
"2018","노원구","0.026","0.023","0.5","0.005","39","22"
"2018","도봉구","0.023","0.026","0.6","0.005","41","23"
"2018","도산대로","0.034","0.017","0.7","0.004","48","26"
"2018","동대문구","0.033","0.021","0.5","0.007","36","23"
"2018","동작구","0.029","0.025","0.5","0.004","40","22"
"2018","동작대로","0.039","0.016","0.6","0.005","49","26"
"2018","마포구","0.026","0.024","0.5","0.004","44","25"
"2018","북한산","0.01","0.027","0.5","0.003","33","21"
"2018","서대문구","0.024","0.026","0.6","0.004","41","23"
"2018","서초구","0.028","0.025","0.4","0.004","42","22"
"2018","성동구","0.026","0.018","0.4","0.005","42","24"
"2018","성북구","0.029","0.021","0.6","0.004","42","22"
"2018","세곡","0.034","0.018","0.8","0.004","42","20"
"2018","송파구","0.027","0.024","0.6","0.004","42","22"
"2018","시흥대로","0.049","0.009","0.8","0.005","47","25"
"2018","신촌로","0.046","0.012","0.8","0.005","52","27"
"2018","양천구","0.033","0.022","0.5","0.004","37","23"
"2018","영등포구","0.027","0.022","0.6","0.005","48","28"
"2018","영등포로","0.047","0.013","0.6","0.006","52","28"
"2018","용산구","0.03","0.022","0.4","0.004","34","23"
"2018","은평구","0.025","0.028","0.5","0.004","42","26"
"2018","정릉로","0.044","0.018","0.6","0.005","47","27"
"2018","종로","0.037","0.021","0.5","0.004","36","20"
"2018","종로구","0.032","0.025","0.6","0.005","35","21"
"2018","중구","0.031","0.025","0.5","0.003","36","22"
"2018","중랑구","0.026","0.022","0.5","0.006","35","21"
"2018","천호대로","0.042","0.018","0.6","0.004","48","24"
"2018","청계천로","0.038","0.021","0.6","0.006","43","27"
"2018","한강대로","0.046","0.018","0.6","0.005","51","27"
"2018","항동","0.022","0.021","0.5","0.008","53","33"
"2018","행주","0.023","0.024","0.7","0.004","46","21"
"2018","홍릉로","0.036","0.018","0.7","0.005","46","29"
"2018","화랑로","0.033","0.016","0.5","0.004","43","23"
"2017","강남구","0.03","0.02","0.4","0.005","44","25"
"2017","강남대로","0.059","0.013","0.7","0.005","57","25"
"2017","강동구","0.031","0.023","0.5","0.004","48","24"
"2017","강변북로","0.044","0.014","0.5","0.004","53","24"
"2017","강북구","0.024","0.031","0.5","0.004","37","22"
"2017","강서구","0.032","0.027","0.5","0.006","47","24"
"2017","공항대로","0.047","0.016","0.5","0.006","65","33"
"2017","관악구","0.032","0.025","0.5","0.006","43","26"
"2017","광진구","0.031","0.028","0.6","0.004","42","25"
"2017","구로구","0.023","0.023","0.5","0.006","45","25"
"2017","금천구","0.032","0.026","0.5","0.004","41","26"
"2017","노원구","0.03","0.028","0.5","0.004","42","25"
"2017","도봉구","0.026","0.027","0.5","0.005","44","24"
"2017","도산대로","0.037","0.018","0.7","0.005","52","26"
"2017","동대문구","0.029","0.022","0.5","0.005","44","22"
"2017","동작구","0.031","0.027","0.5","0.004","42","25"
"2017","동작대로","0.054","0.015","0.7","0.006","55","29"
"2017","마포구","0.03","0.026","0.5","0.004","41","28"
"2017","서대문구","0.027","0.025","0.5","0.005","46","24"
"2017","서초구","0.028","0.025","0.5","0.005","47","24"
"2017","성동구","0.029","0.021","0.5","0.004","48","25"
"2017","성북구","0.033","0.023","0.6","0.004","47","26"
"2017","송파구","0.029","0.025","0.6","0.005","45","23"
"2017","신촌로","0.052","0.012","0.9","0.006","53","28"
"2017","양천구","0.031","0.022","0.5","0.005","43","28"
"2017","영등포구","0.03","0.026","0.7","0.005","49","24"
"2017","영등포로","0.053","0.013","0.5","0.006","59","28"
"2017","용산구","0.029","0.02","0.4","0.004","39","25"
"2017","은평구","0.026","0.028","0.6","0.004","44","23"
"2017","정릉로","0.036","0.019","0.6","0.006","56","27"
"2017","종로","0.04","0.019","0.5","0.004","44","28"
"2017","종로구","0.034","0.026","0.6","0.004","40","24"
"2017","중구","0.035","0.025","0.5","0.004","40","24"
"2017","중랑구","0.029","0.023","0.4","0.006","45","25"
"2017","천호대로","0.043","0.017","0.5","0.004","50","27"
"2017","청계천로","0.041","0.019","0.5","0.006","47","29"
"2017","한강대로","0.045","0.018","0.6","0.005","58","26"
"2017","홍릉로","0.043","0.017","0.5","0.005","49","29"
"2017","화랑로","0.041","0.017","0.6","0.004","52","25"
"2016","강남구","0.033","0.023","0.4","0.005","51","27"
"2016","강남대로","0.068","0.012","0.8","0.007","59","29"
"2016","강동구","0.033","0.019","0.5","0.004","53","27"
"2016","강변북로","0.051","0.013","0.6","0.005","57","26"
"2016","강북구","0.03","0.027","0.5","0.004","42","26"
"2016","강서구","0.029","0.023","0.4","0.006","51","26"
"2016","공항대로","0.041","0.012","0.6","0.005","66","27"
"2016","관악구","0.035","0.026","0.6","0.006","48","29"
"2016","광진구","0.032","0.023","0.6","0.004","49","29"
"2016","구로구","0.026","0.024","0.5","0.006","51","27"
"2016","금천구","0.034","0.026","0.5","0.004","45","26"
"2016","노원구","0.028","0.026","0.5","0.006","40","26"
"2016","도봉구","0.028","0.029","0.5","0.005","47","24"
"2016","도산대로","0.044","0.018","0.8","0.005","51","25"
"2016","동대문구","0.033","0.021","0.6","0.006","49","26"
"2016","동작구","0.033","0.024","0.5","0.004","43","25"
"2016","동작대로","0.058","0.015","0.7","0.006","65","38"
"2016","마포구","0.033","0.026","0.6","0.005","46","28"
"2016","서대문구","0.026","0.028","0.5","0.004","50","24"
"2016","서초구","0.031","0.024","0.5","0.005","51","24"
"2016","성동구","0.034","0.02","0.5","0.005","53","26"
"2016","성북구","0.034","0.021","0.6","0.005","49","25"
"2016","송파구","0.032","0.024","0.6","0.005","46","25"
"2016","신촌로","0.052","0.012","0.8","0.006","65","29"
"2016","양천구","0.033","0.027","0.5","0.004","47","25"
"2016","영등포구","0.027","0.024","0.7","0.004","55","27"
"2016","영등포로","0.058","0.013","0.5","0.007","60","29"
"2016","용산구","0.032","0.022","0.5","0.005","42","28"
"2016","은평구","0.03","0.025","0.5","0.006","47","24"
"2016","정릉로","0.031","0.024","0.6","0.006","56","28"
"2016","종로","0.044","0.016","0.5","0.004","46","24"
"2016","종로구","0.03","0.02","0.4","0.004","46","29"
"2016","중구","0.036","0.023","0.6","0.005","47","26"
"2016","중랑구","0.032","0.024","0.5","0.006","50","27"
"2016","천호대로","0.044","0.017","0.6","0.005","44","25"
"2016","청계천로","0.046","0.018","0.6","0.008","44","21"
"2016","한강대로","0.048","0.017","0.6","0.005","60","29"
"2016","홍릉로","0.046","0.014","0.7","0.007","45","29"
"2016","화랑로","0.05","0.016","0.7","0.005","55","28"
"2015","강남구","0.035","0.021","0.5","0.005","46","23"
"2015","강남대로","0.066","0.011","0.8","0.006","53","26"
"2015","강동구","0.031","0.021","0.5","0.005","44","22"
"2015","강변북로","0.053","0.013","0.6","0.005","49","26"
"2015","강북구","0.03","0.021","0.4","0.005","43","22"
"2015","강서구","0.03","0.023","0.4","0.006","48","25"
"2015","공항대로","0.035","0.016","0.7","0.006","70","30"
"2015","관악구","0.035","0.022","0.7","0.005","51","26"
"2015","광진구","0.031","0.021","0.5","0.005","45","22"
"2015","구로구","0.028","0.025","0.6","0.006","46","24"
"2015","금천구","0.033","0.019","0.6","0.006","47","27"
"2015","노원구","0.03","0.022","0.5","0.006","46","20"
"2015","도봉구","0.03","0.026","0.5","0.005","43","22"
"2015","도산대로","0.049","0.015","0.8","0.005","50","24"
"2015","동대문구","0.035","0.023","0.5","0.006","44","23"
"2015","동작구","0.034","0.025","0.5","0.006","44","24"
"2015","동작대로","0.058","0.012","0.7","0.007","55","28"
"2015","마포구","0.03","0.025","0.5","0.005","46","26"
"2015","서대문구","0.035","0.024","0.5","0.005","42","21"
"2015","서초구","0.03","0.021","0.5","0.005","48","23"
"2015","성동구","0.032","0.021","0.5","0.004","46","23"
"2015","성북구","0.032","0.022","0.6","0.006","42","21"
"2015","송파구","0.029","0.023","0.6","0.005","44","22"
"2015","신촌로","0.054","0.01","0.8","0.007","55","26"
"2015","양천구","0.036","0.022","0.5","0.006","48","24"
"2015","영등포구","0.029","0.022","0.6","0.006","49","24"
"2015","영등포로","0.059","0.012","0.6","0.007","55","28"
"2015","용산구","0.033","0.02","0.4","0.005","42","24"
"2015","은평구","0.032","0.021","0.5","0.005","45","23"
"2015","정릉로","0.04","0.024","0.6","0.007","48","23"
"2015","종로","0.047","0.017","0.6","0.005","50","26"
"2015","종로구","0.033","0.022","0.4","0.006","50","25"
"2015","중구","0.036","0.023","0.6","0.005","44","23"
"2015","중랑구","0.034","0.023","0.5","0.006","45","23"
"2015","천호대로","0.045","0.017","0.6","0.005","50","24"
"2015","청계천로","0.041","0.018","0.6","0.009","47","19"
"2015","한강대로","0.05","0.013","0.6","0.005","51","25"
"2015","홍릉로","0.049","0.014","0.7","0.006","46","30"
"2015","홍지문","0.045","0.019","0.5","0.006","47","29"
"2015","화랑로","0.052","0.014","0.7","0.005","47","24"
"2014","강남구","0.036","0.024","0.4","0.006","46","26"
"2014","강남대로","0.067","0.01","0.8","0.006","60","35"
"2014","강동구","0.034","0.023","0.6","0.005","45","24"
"2014","강변북로","0.057","0.013","0.5","0.005","57","37"
"2014","강북구","0.03","0.024","0.4","0.005","46","23"
"2014","강서구","0.034","0.024","0.5","0.007","46","24"
"2014","공항대로","0.036","0.018","0.7","0.007","62","29"
"2014","관악구","0.034","0.022","0.6","0.005","51","25"
"2014","광진구","0.028","0.027","0.6","0.005","50","23"
"2014","구로구","0.032","0.024","0.6","0.006","48","24"
"2014","금천구","0.03","0.021","0.5","0.006","43","26"
"2014","노원구","0.03","0.026","0.4","0.006","45","22"
"2014","도봉구","0.03","0.028","0.5","0.006","43","24"
"2014","도산대로","0.045","0.017","0.7","0.006","49","25"
"2014","동대문구","0.034","0.024","0.6","0.006","46","24"
"2014","동작구","0.036","0.024","0.5","0.007","43","25"
"2014","동작대로","0.065","0.013","0.8","0.007","54","26"
"2014","마포구","0.034","0.023","0.6","0.005","48","25"
"2014","서대문구","0.035","0.025","0.5","0.005","45","22"
"2014","서초구","0.032","0.023","0.5","0.005","47","25"
"2014","성동구","0.039","0.019","0.4","0.005","47","24"
"2014","성북구","0.036","0.023","0.5","0.004","43","22"
"2014","송파구","0.032","0.023","0.6","0.004","43","23"
"2014","신촌로","0.054","0.012","0.9","0.006","57","27"
"2014","양천구","0.035","0.022","0.5","0.007","47","24"
"2014","영등포구","0.032","0.025","0.7","0.006","46","25"
"2014","영등포로","0.059","0.013","0.7","0.007","56","30"
"2014","용산구","0.035","0.021","0.5","0.006","45","23"
"2014","은평구","0.032","0.023","0.6","0.005","45","23"
"2014","정릉로","0.043","0.023","0.6","0.006","51","24"
"2014","종로","0.047","0.017","0.6","0.005","52","30"
"2014","종로구","0.034","0.022","0.4","0.006","45","23"
"2014","중구","0.037","0.022","0.5","0.006","46","21"
"2014","중랑구","0.032","0.025","0.5","0.006","47","25"
"2014","천호대로","0.045","0.016","0.6","0.005","50","23"
"2014","청계천로","0.043","0.015","0.6","0.007","46","25"
"2014","한강대로","0.054","0.011","0.7","0.005","52","26"
"2014","홍릉로","0.05","0.016","0.6","0.006","50","35"
"2014","홍지문","0.048","0.016","0.5","0.007","50","33"
"2014","화랑로","0.048","0.014","0.8","0.005","54","29"
"2013","강남구","0.036","0.022","0.5","0.006","47","27"
"2013","강남대로","0.067","0.01","0.8","0.006","58","35"
"2013","강동구","0.034","0.02","0.6","0.005","43","24"
"2013","강변북로","0.057","0.011","0.6","0.005","55","38"
"2013","강북구","0.032","0.023","0.4","0.006","45","26"
"2013","강서구","0.038","0.024","0.6","0.007","46","21"
"2013","공항대로","0.042","0.02","0.6","0.006","58","28"
"2013","관악구","0.03","0.023","0.6","0.006","46","27"
"2013","관악산","0.018","0.04","","0.006","34","23"
"2013","광진구","0.03","0.022","0.6","0.004","46","25"
"2013","구로구","0.032","0.021","0.6","0.006","47","25"
"2013","금천구","0.036","0.022","0.5","0.007","45","28"
"2013","남산","0.032","0.026","0.6","0.006","46","25"
"2013","노원구","0.033","0.024","0.5","0.006","44","24"
"2013","도봉구","0.032","0.025","0.6","0.005","43","25"
"2013","도산대로","0.042","0.015","0.8","0.005","48","26"
"2013","동대문구","0.032","0.023","0.5","0.006","45","26"
"2013","동작구","0.032","0.023","0.5","0.008","42","29"
"2013","동작대로","0.055","0.013","0.7","0.005","53","28"
"2013","마포구","0.032","0.022","0.6","0.005","46","24"
"2013","북한산","0.018","0.027","0.5","0.005","36","22"
"2013","서대문구","0.031","0.022","0.4","0.005","43","23"
"2013","서초구","0.034","0.022","0.6","0.005","45","25"
"2013","성동구","0.033","0.018","0.4","0.003","44","24"
"2013","성북구","0.037","0.02","0.6","0.004","41","21"
"2013","세곡","0.034","0.016","0.7","0.005","55","28"
"2013","송파구","0.032","0.022","0.5","0.005","42","24"
"2013","신촌로","0.052","0.013","0.9","0.005","58","29"
"2013","양천구","0.035","0.023","0.5","0.006","47","29"
"2013","영등포구","0.032","0.022","0.6","0.006","46","27"
"2013","영등포로","0.057","0.011","0.8","0.007","54","30"
"2013","용산구","0.036","0.02","0.5","0.006","44","25"
"2013","은평구","0.031","0.021","0.6","0.005","44","25"
"2013","정릉로","0.041","0.025","0.5","0.005","48","23"
"2013","종로","0.047","0.017","0.6","0.005","48","30"
"2013","종로구","0.035","0.02","0.5","0.006","45","24"
"2013","중구","0.04","0.021","0.5","0.006","43","24"
"2013","중랑구","0.029","0.021","0.5","0.005","45","26"
"2013","천호대로","0.048","0.015","0.5","0.005","46","26"
"2013","청계천로","0.049","0.017","0.7","0.007","47","28"
"2013","한강대로","0.053","0.015","0.8","0.006","53","25"
"2013","항동","0.028","0.023","0.5","0.005","46","18"
"2013","행주","0.029","0.02","0.6","0.006","50","25"
"2013","홍릉로","0.051","0.015","0.6","0.007","58","37"
"2013","홍지문","0.049","0.017","0.6","0.007","53","33"
"2013","화랑로","0.048","0.013","0.8","0.005","54","32"
"2012","강남구","0.037","0.017","0.5","0.005","43",""
"2012","강남대로","0.066","0.009","0.8","0.005","52","34"
"2012","강동구","0.03","0.024","0.4","0.006","39",""
"2012","강변북로","0.053","0.012","0.6","0.004","48","33"
"2012","강북구","0.031","0.023","0.4","0.004","41",""
"2012","강서구","0.031","0.02","0.5","0.006","44","26"
"2012","공항대로","0.034","0.018","0.5","0.005","52","27"
"2012","관악구","0.032","0.023","0.6","0.005","40",""
"2012","광진구","0.028","0.021","0.6","0.004","41","25"
"2012","구로구","0.031","0.022","0.5","0.005","41",""
"2012","금천구","0.033","0.022","0.5","0.006","43",""
"2012","노원구","0.03","0.021","0.5","0.006","41",""
"2012","도봉구","0.025","0.023","0.6","0.005","38",""
"2012","도산대로","0.04","0.015","0.9","0.005","45","24"
"2012","동대문구","0.033","0.021","0.7","0.005","43",""
"2012","동작구","0.034","0.022","0.5","0.007","42",""
"2012","동작대로","0.058","0.011","0.7","0.005","52","24"
"2012","마포구","0.028","0.02","0.6","0.005","42",""
"2012","서대문구","0.027","0.022","0.5","0.006","38",""
"2012","서초구","0.033","0.022","0.6","0.005","43",""
"2012","성동구","0.024","0.021","0.5","0.005","43",""
"2012","성북구","0.031","0.021","0.6","0.004","38",""
"2012","송파구","0.029","0.022","0.6","0.005","39",""
"2012","신촌로","0.053","0.011","0.9","0.005","50","28"
"2012","양천구","0.032","0.021","0.4","0.006","43",""
"2012","영등포구","0.03","0.021","0.7","0.007","44",""
"2012","영등포로","0.056","0.01","0.7","0.006","47","26"
"2012","용산구","0.033","0.019","0.5","0.004","40",""
"2012","은평구","0.026","0.022","0.5","0.005","39",""
"2012","정릉로","0.039","0.02","0.5","0.005","44","23"
"2012","종로","0.048","0.016","0.6","0.005","44","29"
"2012","종로구","0.028","0.022","0.5","0.007","41","22"
"2012","중구","0.03","0.02","0.5","0.005","39",""
"2012","중랑구","0.03","0.021","0.5","0.004","42",""
"2012","천호대로","0.046","0.018","0.6","0.005","43","27"
"2012","청계천로","0.047","0.016","0.6","0.006","43","24"
"2012","한강대로","0.049","0.011","0.7","0.005","49","23"
"2012","홍릉로","0.048","0.012","0.6","0.006","50","30"
"2012","홍지문","0.044","0.014","0.5","0.006","39","27"
"2012","화랑로","0.044","0.013","0.7","0.005","49","36"
"2011","강남구","0.044","0.014","0.5","0.005","50",""
"2011","강남대로","0.073","0.008","0.9","0.005","65",""
"2011","강동구","0.029","0.02","0.6","0.006","45",""
"2011","강변북로","0.048","0.01","0.7","0.004","61",""
"2011","강북구","0.034","0.02","0.5","0.006","39",""
"2011","강서구","0.036","0.02","0.5","0.006","50",""
"2011","공항대로","0.035","0.017","0.5","0.005","61",""
"2011","관악구","0.035","0.019","0.6","0.004","49",""
"2011","광진구","0.03","0.021","0.7","0.004","48",""
"2011","구로구","0.034","0.021","0.6","0.005","49",""
"2011","금천구","0.036","0.019","0.5","0.006","43",""
"2011","노원구","0.031","0.02","0.5","0.006","42",""
"2011","도봉구","0.025","0.022","0.6","0.004","45",""
"2011","도산대로","0.039","0.015","0.8","0.005","53",""
"2011","동대문구","0.037","0.017","0.6","0.005","49",""
"2011","동작구","0.035","0.021","0.5","0.006","46",""
"2011","동작대로","0.057","0.01","0.7","0.005","61",""
"2011","마포구","0.034","0.017","0.6","0.004","51",""
"2011","서대문구","0.028","0.021","0.5","0.005","47",""
"2011","서초구","0.035","0.019","0.6","0.005","50",""
"2011","성동구","0.027","0.018","0.4","0.004","50",""
"2011","성북구","0.033","0.019","0.6","0.004","42",""
"2011","송파구","0.029","0.021","0.6","0.005","47",""
"2011","신촌로","0.056","0.01","0.9","0.006","54",""
"2011","양천구","0.035","0.018","0.4","0.006","43",""
"2011","영등포구","0.037","0.018","0.7","0.005","50",""
"2011","영등포로","0.057","0.01","0.8","0.006","58",""
"2011","용산구","0.035","0.018","0.5","0.005","49",""
"2011","은평구","0.028","0.021","0.6","0.005","47",""
"2011","정릉로","0.04","0.018","0.6","0.004","52",""
"2011","종로","0.047","0.014","0.7","0.006","54",""
"2011","종로구","0.029","0.017","0.5","0.007","46",""
"2011","중구","0.034","0.017","0.6","0.005","47",""
"2011","중랑구","0.03","0.02","0.5","0.005","48",""
"2011","천호대로","0.046","0.014","0.7","0.006","52",""
"2011","청계천로","0.046","0.015","0.7","0.006","48",""
"2011","한강대로","0.05","0.014","0.7","0.006","50",""
"2011","홍릉로","0.05","0.013","0.7","0.007","55",""
"2011","홍지문","0.048","0.011","0.7","0.006","47",""
"2011","화랑로","0.052","0.012","0.8","0.004","59",""
"2010","강남구","0.042","0.014","0.5","0.005","52",""
"2010","강남대로","0.076","0.007","1","0.005","65",""
"2010","강동구","0.031","0.019","0.4","0.006","48",""
"2010","강변북로","0.054","0.01","0.7","0.003","58",""
"2010","강북구","0.035","0.022","0.5","0.006","45",""
"2010","강서구","0.037","0.02","0.6","0.006","49",""
"2010","관악구","0.035","0.019","0.6","0.004","55",""
"2010","광진구","0.031","0.023","0.6","0.004","47",""
"2010","구로구","0.034","0.02","0.6","0.004","51",""
"2010","금천구","0.035","0.02","0.5","0.007","48",""
"2010","노원구","0.03","0.022","0.5","0.005","41",""
"2010","도봉구","0.027","0.023","0.6","0.004","44",""
"2010","도산대로","0.041","0.014","0.8","0.004","55",""
"2010","동대문구","0.037","0.015","0.5","0.005","52",""
"2010","동작구","0.035","0.022","0.5","0.006","48",""
"2010","동작대로","","","","","",""
"2010","마포구","0.034","0.015","0.6","0.005","52",""
"2010","서대문구","0.034","0.022","0.5","0.004","53",""
"2010","서초구","0.032","0.018","0.5","0.004","50",""
"2010","성동구","0.03","0.016","0.4","0.005","49",""
"2010","성북구","0.036","0.017","0.7","0.004","44",""
"2010","송파구","0.028","0.021","0.6","0.004","47",""
"2010","신촌로","0.055","0.011","1.1","0.006","52",""
"2010","양천구","0.033","0.021","0.6","0.006","52",""
"2010","영등포구","0.038","0.019","0.6","0.004","52",""
"2010","영등포로","0.057","0.01","0.9","0.006","62",""
"2010","용산구","0.038","0.018","0.5","0.006","50",""
"2010","은평구","0.029","0.023","0.6","0.005","47",""
"2010","종로","0.046","0.013","0.7","0.006","58",""
"2010","종로구","0.036","0.021","0.4","0.006","50",""
"2010","중구","0.033","0.017","0.7","0.005","49",""
"2010","중랑구","0.028","0.018","0.5","0.004","49",""
"2010","천호대로","0.045","0.013","0.6","0.006","50",""
"2010","청계천로","0.045","0.014","0.7","0.007","50",""
"2010","한강대로","0.054","0.012","0.8","0.006","51",""
"2010","홍릉로","0.05","0.012","0.8","0.006","54",""
"2010","홍지문","0.049","0.011","0.7","0.006","50",""
"2010","화랑로","0.054","0.011","0.8","0.004","61",""
"2009","강남구","0.044","0.015","0.6","0.007","56",""
"2009","강남대로","0.075","0.004","1.1","0.005","79",""
"2009","강동구","0.033","0.019","0.4","0.006","53",""
"2009","강변북로","0.052","0.007","0.7","0.004","63",""
"2009","강북구","0.038","0.024","0.5","0.006","54",""
"2009","강서구","0.035","0.022","0.6","0.006","57",""
"2009","관악구","0.036","0.021","0.6","0.005","56",""
"2009","광진구","0.033","0.023","0.6","0.004","52",""
"2009","구로구","0.037","0.022","0.6","0.004","55",""
"2009","구로구2","0.03","0.034","0.5","0.004","50",""
"2009","금천구","0.04","0.023","0.6","0.007","55",""
"2009","노원구","0.031","0.023","0.5","0.005","55",""
"2009","도봉구","0.032","0.025","0.7","0.005","50",""
"2009","도산대로","0.052","0.016","0.8","0.007","54",""
"2009","동대문구","0.038","0.022","0.6","0.005","53",""
"2009","동작구","0.035","0.024","0.5","0.006","55",""
"2009","마포구","0.035","0.017","0.6","0.004","57",""
"2009","서대문구","0.035","0.02","0.6","0.005","56",""
"2009","서초구","0.032","0.019","0.6","0.004","55",""
"2009","성동구","0.031","0.02","0.5","0.004","55",""
"2009","성북구","0.038","0.021","0.7","0.004","51",""
"2009","송파구","0.03","0.023","0.7","0.004","52",""
"2009","송파구2","0.038","0.015","0.6","0.005","62",""
"2009","신촌로","0.059","0.013","1.1","0.006","63",""
"2009","양천구","0.037","0.022","0.5","0.007","52",""
"2009","영등포구","0.039","0.018","0.7","0.004","53",""
"2009","영등포로","0.058","0.009","0.9","0.008","67",""
"2009","용산구","0.039","0.02","0.6","0.006","56",""
"2009","은평구","0.026","0.025","0.6","0.006","53",""
"2009","종로","0.05","0.011","0.7","0.007","63",""
"2009","종로구","0.035","0.021","0.7","0.007","53",""
"2009","중구","0.038","0.02","0.8","0.006","53",""
"2009","중랑구","0.033","0.023","0.5","0.005","51",""
"2009","천호대로","0.048","0.011","0.7","0.006","50",""
"2009","청계천로","0.048","0.014","0.8","0.008","55",""
"2009","한강대로","0.056","0.01","0.9","0.007","65",""
"2009","홍릉로","0.052","0.01","0.8","0.007","67",""
"2009","홍지문","0.049","0.013","0.7","0.007","59",""
"2009","화랑로","0.054","0.007","1","0.004","70",""
"2008","강남구","0.038","0.014","0.5","0.005","54",""
"2008","강동구","0.034","0.015","0.4","0.006","53",""
"2008","강북구","0.034","0.021","0.6","0.007","55",""
"2008","강서구","0.04","0.017","0.5","0.006","57",""
"2008","관악구","0.043","0.019","0.6","0.007","56",""
"2008","광진구","0.034","0.02","0.7","0.005","48",""
"2008","구로구","0.038","0.021","0.6","0.005","55",""
"2008","구로구2","0.036","0.018","0.6","0.006","63",""
"2008","금천구","0.04","0.02","0.5","0.007","56",""
"2008","노원구","0.033","0.017","0.5","0.006","58",""
"2008","도봉구","0.036","0.022","0.8","0.007","53",""
"2008","도산대로","0.052","0.011","0.9","0.007","54",""
"2008","동대문구","0.04","0.02","0.6","0.008","49",""
"2008","동작구","0.038","0.018","0.5","0.006","61",""
"2008","마포구","0.041","0.019","0.5","0.007","60",""
"2008","서대문구","0.035","0.017","0.6","0.005","56",""
"2008","서초구","0.039","0.019","0.6","0.004","55",""
"2008","성동구","0.038","0.02","0.5","0.004","54",""
"2008","성북구","0.038","0.019","0.7","0.005","50",""
"2008","송파구","0.034","0.022","0.7","0.005","53",""
"2008","송파구2","0.037","0.017","0.5","0.006","58",""
"2008","신촌로","0.059","0.013","1.1","0.006","63",""
"2008","양천구","0.038","0.019","0.5","0.007","53",""
"2008","영등포구","0.039","0.016","0.6","0.006","56",""
"2008","영등포로","0.063","0.01","0.8","0.007","68",""
"2008","용산구","0.043","0.016","0.5","0.005","55",""
"2008","은평구","0.029","0.021","0.5","0.005","55",""
"2008","종로","0.052","0.014","0.7","0.006","55",""
"2008","종로구","0.036","0.019","0.6","0.008","52",""
"2008","중구","0.039","0.019","0.7","0.004","53",""
"2008","중랑구","0.041","0.016","0.6","0.009","58",""
"2008","천호대로","0.05","0.014","0.7","0.005","50",""
"2008","청계천로","0.047","0.013","1","0.009","56",""
"2008","한강대로","0.056","0.009","0.9","0.006","63",""
"2008","홍릉로","0.058","0.009","0.7","0.007","61",""
"2008","홍지문","0.046","0.011","0.8","0.008","59",""
"2007","강남구","0.035","0.021","0.7","0.006","60",""
"2007","강동구","0.037","0.017","0.6","0.006","65",""
"2007","강북구","0.036","0.019","0.6","0.008","59",""
"2007","강서구","0.034","0.015","0.5","0.005","61",""
"2007","관악구","0.041","0.019","0.7","0.007","61",""
"2007","광진구","0.033","0.019","0.6","0.005","58",""
"2007","구로구","0.038","0.022","0.7","0.005","60",""
"2007","구로구2","0.036","0.017","0.6","0.005","64",""
"2007","금천구","0.043","0.019","0.7","0.007","63",""
"2007","노원구","0.034","0.021","0.6","0.006","56",""
"2007","도봉구","0.037","0.019","0.7","0.006","65",""
"2007","도산대로","0.052","0.011","1","0.008","61",""
"2007","동대문구","0.042","0.019","0.7","0.008","63",""
"2007","동작구","0.037","0.018","0.6","0.008","61",""
"2007","마포구","0.039","0.018","0.7","0.007","58",""
"2007","서대문구","0.04","0.02","0.9","0.006","61",""
"2007","서초구","0.038","0.018","0.7","0.006","64",""
"2007","성동구","0.042","0.016","0.7","0.006","62",""
"2007","성북구","0.038","0.019","0.7","0.006","58",""
"2007","송파구","0.037","0.018","0.7","0.005","70",""
"2007","송파구2","0.042","0.017","0.7","0.007","66",""
"2007","신촌로","0.054","0.007","0.6","0.007","70",""
"2007","양천구","0.038","0.018","0.7","0.008","57",""
"2007","영등포구","0.044","0.016","0.6","0.007","55",""
"2007","영등포로","0.051","0.008","0.7","0.007","68",""
"2007","용산구","0.038","0.017","0.6","0.006","63",""
"2007","은평구","0.028","0.019","0.6","0.005","64",""
"2007","종로구","0.037","0.018","0.7","0.008","59",""
"2007","중구","0.036","0.017","0.7","0.006","59",""
"2007","중랑구","0.043","0.016","0.6","0.008","67",""
"2007","천호대로","","","","","",""
"2007","청계천로","0.044","0.009","0.7","0.006","66",""
"2007","한강대로","0.053","0.009","0.8","0.007","69",""
"2007","홍릉로","0.059","0.009","1","0.009","72",""
"2007","홍지문","0.047","0.012","0.9","0.009","71",""
"2006","강남구","0.036","0.016","0.5","0.006","58",""
"2006","강동구","0.035","0.016","0.7","0.007","62",""
"2006","강북구","0.034","0.02","0.7","0.006","55",""
"2006","강서구","0.04","0.017","0.6","0.004","65",""
"2006","관악구","0.04","0.018","0.6","0.007","60",""
"2006","광진구","0.033","0.017","0.5","0.005","68",""
"2006","구로구","0.035","0.016","0.6","0.005","62",""
"2006","구로구2","0.035","0.015","0.5","0.004","67",""
"2006","금천구","0.036","0.017","0.7","0.007","62",""
"2006","노원구","0.031","0.023","0.6","0.005","54",""
"2006","도봉구","0.031","0.017","0.5","0.005","62",""
"2006","도산대로","0.051","0.01","1","0.006","67",""
"2006","동대문구","0.043","0.02","0.6","0.006","65",""
"2006","동작구","0.036","0.018","0.7","0.006","57",""
"2006","마포구","0.04","0.019","0.8","0.006","53",""
"2006","서대문구","0.035","0.017","0.6","0.004","57",""
"2006","서초구","0.039","0.017","0.7","0.006","59",""
"2006","성동구","0.031","0.016","0.5","0.005","60",""
"2006","성북구","0.034","0.016","0.6","0.005","51",""
"2006","송파구","0.034","0.017","0.5","0.006","61",""
"2006","송파구2","0.044","0.019","0.6","0.006","60",""
"2006","신촌로","0.051","0.009","0.7","0.007","59",""
"2006","양천구","0.037","0.017","0.7","0.005","58",""
"2006","영등포구","0.04","0.016","0.6","0.007","55",""
"2006","영등포로","0.046","0.008","0.6","0.007","56",""
"2006","용산구","0.035","0.017","0.5","0.005","58",""
"2006","은평구","0.027","0.022","0.6","0.004","69",""
"2006","종로구","0.035","0.017","0.6","0.005","60",""
"2006","중구","0.04","0.017","0.7","0.005","60",""
"2006","중랑구","0.038","0.015","0.6","0.006","55",""
"2006","천호대로","","","","","",""
"2006","청계천로","0.042","0.01","0.7","0.007","61",""
"2006","한강대로","0.053","0.008","0.8","0.007","65",""
"2006","홍릉로","0.054","0.008","1.4","0.008","70",""
"2006","홍지문","0.045","0.012","0.9","0.008","70",""
"2005","강남구","0.036","0.015","0.5","0.005","46",""
"2005","강동구","0.034","0.018","0.6","0.005","59",""
"2005","강북구","0.035","0.02","0.6","0.007","55",""
"2005","강서구","0.034","0.017","0.6","0.004","62",""
"2005","관악구","0.037","0.021","0.6","0.006","53",""
"2005","광진구","0.032","0.018","0.5","0.004","68",""
"2005","구로구","0.036","0.016","0.5","0.005","57",""
"2005","구로구2","0.028","0.012","0.5","0.004","63",""
"2005","금천구","0.033","0.02","0.6","0.006","55",""
"2005","노원구","0.03","0.023","0.6","0.005","53",""
"2005","도봉구","0.03","0.02","0.4","0.005","72",""
"2005","도산대로","0.05","0.01","1","0.007","71",""
"2005","동대문구","0.048","0.017","0.5","0.007","47",""
"2005","동작구","0.032","0.02","0.7","0.005","56",""
"2005","마포구","0.036","0.015","0.7","0.006","44",""
"2005","서대문구","0.037","0.013","0.8","0.005","58",""
"2005","서초구","0.036","0.015","0.5","0.006","61",""
"2005","성동구","0.034","0.015","0.5","0.004","62",""
"2005","성북구","0.028","0.014","0.5","0.004","52",""
"2005","송파구","0.037","0.014","0.5","0.005","55",""
"2005","송파구2","0.036","0.015","0.5","0.005","56",""
"2005","신촌로","0.052","0.008","0.7","0.006","65",""
"2005","양천구","0.035","0.018","0.6","0.006","56",""
"2005","영등포구","0.032","0.016","0.5","0.006","53",""
"2005","영등포로","0.051","0.007","0.7","0.006","65",""
"2005","용산구","0.032","0.014","0.4","0.006","63",""
"2005","은평구","0.028","0.022","0.5","0.004","70",""
"2005","종로구","0.032","0.02","0.6","0.007","52",""
"2005","중구","0.039","0.017","0.7","0.004","73",""
"2005","중랑구","0.037","0.015","0.6","0.006","58",""
"2005","천호대로","0.011","0.018","0.1","0.029","399",""
"2005","청계천로","0.057","0.006","0.7","0.007","72",""
"2005","한강대로","0.054","0.007","0.8","0.007","79",""
"2005","홍릉로","0.053","0.008","1.5","0.01","65",""
"2005","홍지문","0.047","0.01","1","0.009","70",""
"2004","강남구","0.036","0.014","0.5","0.005","53",""
"2004","강동구","0.037","0.015","0.6","0.005","52",""
"2004","강북구","0.039","0.013","0.7","0.006","66",""
"2004","강서구","0.039","0.016","0.7","0.005","61",""
"2004","관악구","0.044","0.018","0.6","0.005","66",""
"2004","광진구","0.036","0.015","0.5","0.004","61",""
"2004","구로구","0.042","0.015","0.7","0.006","58",""
"2004","구로구2","0.032","0.01","0.5","0.003","62",""
"2004","금천구","0.036","0.013","0.5","0.005","51",""
"2004","노원구","0.034","0.017","0.7","0.005","62",""
"2004","도봉구","0.032","0.016","0.4","0.003","63",""
"2004","도산대로","0.049","0.009","1.1","0.009","69",""
"2004","동대문구","0.038","0.013","0.6","0.006","63",""
"2004","동작구","0.031","0.01","0.5","0.005","57",""
"2004","마포구","0.035","0.015","0.6","0.005","39",""
"2004","서대문구","0.04","0.012","0.7","0.004","56",""
"2004","서초구","0.038","0.011","0.6","0.006","63",""
"2004","성동구","0.036","0.012","0.6","0.004","63",""
"2004","성북구","0.033","0.011","0.6","0.003","63",""
"2004","송파구","0.033","0.013","0.4","0.004","55",""
"2004","송파구2","0.039","0.013","0.6","0.005","59",""
"2004","신촌로","0.062","0.007","0.7","0.006","72",""
"2004","양천구","0.035","0.012","0.6","0.004","59",""
"2004","영등포구","0.046","0.014","0.5","0.007","63",""
"2004","영등포로","0.06","0.007","0.6","0.008","75",""
"2004","용산구","0.04","0.014","0.4","0.005","62",""
"2004","은평구","0.029","0.02","0.5","0.004","67",""
"2004","종로구","0.034","0.012","0.5","0.005","65",""
"2004","중구","0.045","0.014","0.7","0.004","77",""
"2004","중랑구","0.031","0.016","0.6","0.006","58",""
"2004","천호대로","","","","","",""
"2004","청계천로","0.07","0.007","0.6","0.007","78",""
"2004","한강대로","0.052","0.005","1","0.006","66",""
"2004","홍릉로","0.053","0.008","1.6","0.01","75",""
"2004","홍지문","0.053","0.007","0.9","0.011","74",""
"2003","강남구","0.04","0.012","0.7","0.006","63",""
"2003","강동구","0.036","0.016","0.7","0.005","64",""
"2003","강북구","0.032","0.013","0.7","0.005","79",""
"2003","강서구","0.041","0.015","0.7","0.004","68",""
"2003","관악구","0.046","0.014","0.7","0.006","68",""
"2003","광진구","0.032","0.012","0.6","0.004","82",""
"2003","구로구","0.04","0.012","0.8","0.005","62",""
"2003","구로구2","0.038","0.011","0.6","0.004","88",""
"2003","금천구","0.043","0.014","0.7","0.005","64",""
"2003","노원구","0.033","0.016","0.7","0.005","69",""
"2003","도봉구","0.032","0.014","0.4","0.005","68",""
"2003","도산대로","0.05","0.008","1.3","0.007","82",""
"2003","동대문구","0.039","0.013","0.9","0.006","64",""
"2003","동작구","0.039","0.013","0.6","0.004","59",""
"2003","마포구","0.044","0.015","0.7","0.005","73",""
"2003","서대문구","0.041","0.013","0.6","0.004","65",""
"2003","서초구","0.044","0.013","0.5","0.006","65",""
"2003","성동구","0.035","0.012","0.6","0.004","77",""
"2003","성북구","0.028","0.013","0.7","0.003","77",""
"2003","송파구","0.035","0.014","0.4","0.004","69",""
"2003","송파구2","0.039","0.013","0.6","0.005","67",""
"2003","신촌로","0.039","0.009","0.7","0.007","79",""
"2003","양천구","0.035","0.012","0.7","0.004","69",""
"2003","영등포구","0.047","0.012","0.7","0.007","68",""
"2003","영등포로","0.048","0.009","0.5","0.005","59",""
"2003","용산구","0.043","0.013","0.5","0.005","66",""
"2003","은평구","0.033","0.02","0.6","0.004","73",""
"2003","종로구","0.031","0.011","0.6","0.004","63",""
"2003","중구","0.038","0.014","0.8","0.005","79",""
"2003","중랑구","0.042","0.013","0.7","0.007","63",""
"2003","천호대로","","","","","",""
"2003","청계천로","0.056","0.008","0.8","0.006","77",""
"2003","한강대로","0.044","0.008","1.1","0.005","68",""
"2003","홍릉로","0.055","0.008","1.4","0.008","74",""
"2003","홍지문","0.053","0.009","1","0.007","72",""
"2002","강남구","0.039","0.015","0.7","0.005","95",""
"2002","강동구","0.039","0.014","0.6","0.004","72",""
"2002","강북구","0.034","0.011","0.7","0.005","79",""
"2002","강서구","0.037","0.015","0.7","0.003","75",""
"2002","관악구","0.045","0.017","0.7","0.006","82",""
"2002","광진구","0.034","0.015","0.7","0.005","85",""
"2002","구로구","0.038","0.012","0.5","0.005","68",""
"2002","구로구2","0.033","0.013","0.7","0.004","92",""
"2002","금천구","0.036","0.011","0.7","0.005","66",""
"2002","노원구","0.032","0.015","0.7","0.004","77",""
"2002","도봉구","0.033","0.017","0.4","0.005","76",""
"2002","도산대로","0.053","0.008","1.2","0.005","77",""
"2002","동대문구","0.038","0.013","0.9","0.005","74",""
"2002","동작구","0.034","0.014","0.7","0.005","57",""
"2002","마포구","0.04","0.016","0.7","0.006","78",""
"2002","서대문구","0.038","0.011","0.6","0.004","66",""
"2002","서초구","0.037","0.013","0.5","0.005","71",""
"2002","성동구","0.031","0.009","0.6","0.004","83",""
"2002","성북구","0.035","0.013","0.7","0.004","70",""
"2002","송파구","0.031","0.014","0.4","0.004","77",""
"2002","송파구2","0.038","0.015","0.7","0.006","81",""
"2002","신촌로","0.06","0.01","0.8","0.006","87",""
"2002","양천구","0.035","0.013","0.7","0.004","73",""
"2002","영등포구","0.04","0.014","0.6","0.007","73",""
"2002","영등포로","0.062","0.01","0.7","0.008","85",""
"2002","용산구","0.039","0.012","0.5","0.005","77",""
"2002","은평구","0.031","0.021","0.8","0.005","77",""
"2002","종로구","","","","","",""
"2002","중구","0.03","0.018","1","0.005","96",""
"2002","중랑구","0.043","0.014","0.6","0.005","76",""
"2002","천호대로","","","","","",""
"2002","청계천로","0.046","0.008","0.7","0.005","87",""
"2002","한강대로","0.045","0.01","1.1","0.005","72",""
"2002","홍릉로","0.074","","1.3","","94",""
"2002","홍지문","0.05","0.012","1.3","0.006","",""
"2001","강남구","0.037","0.014","0.9","0.004","81",""
"2001","강동구","0.044","0.012","0.9","0.003","89",""
"2001","강북구","0.047","0.012","0.7","0.004","85",""
"2001","강서구","0.035","0.015","0.7","0.004","66",""
"2001","관악구","0.034","0.024","0.9","0.005","",""
"2001","광진구","0.041","0.016","0.8","0.004","83",""
"2001","구로구","0.038","0.013","0.7","0.005","61",""
"2001","구로구2","0.031","0.012","0.7","0.003","83",""
"2001","금천구","0.036","0.013","0.8","0.003","59",""
"2001","노원구","0.035","0.021","0.8","0.005","75",""
"2001","도봉구","0.029","0.018","0.7","0.005","66",""
"2001","도산대로","0.057","0.009","1.3","0.005","55",""
"2001","동대문구","0.037","0.016","0.8","0.005","73",""
"2001","동작구","0.037","0.012","0.7","0.004","61",""
"2001","마포구","0.038","0.011","0.9","0.006","73",""
"2001","서대문구","0.039","0.013","0.8","0.004","62",""
"2001","서초구","0.035","0.012","0.4","0.005","55",""
"2001","성동구","0.037","0.01","0.7","0.004","83",""
"2001","성북구","0.03","0.016","1.5","0.007","64",""
"2001","송파구","0.031","0.014","0.5","0.004","60",""
"2001","송파구2","0.046","0.015","0.8","0.005","50",""
"2001","신촌로","0.066","0.012","0.8","0.008","70",""
"2001","양천구","0.038","0.011","0.8","0.004","76",""
"2001","영등포구","0.035","0.018","1.4","0.008","53",""
"2001","영등포로","0.055","0.01","1.1","0.006","72",""
"2001","용산구","0.036","0.014","0.5","0.005","65",""
"2001","은평구","0.029","0.023","1.2","0.007","59",""
"2001","종로구","0.047","0.021","0.8","0.005","94",""
"2001","중구","0.036","0.014","1.3","0.008","57",""
"2001","중랑구","0.032","0.018","1.6","0.007","84",""
"2001","천호대로","","","","","",""
"2001","청계천로","0.043","0.011","0.7","0.005","71",""
"2001","한강대로","0.058","0.014","1.5","0.008","88",""
"2001","홍릉로","0.064","","1","","69",""
"2001","홍지문","0.047","0.014","1.8","0.01","81",""
"2000","강남구","0.032","0.016","1","0.006","72",""
"2000","강동구","0.037","0.015","0.8","0.004","72",""
"2000","강북구","0.043","0.013","0.7","0.007","90",""
"2000","강서구","0.037","0.015","0.7","0.004","57",""
"2000","관악구","0.018","0.026","0.8","0.005","",""
"2000","광진구","0.035","0.014","0.7","0.005","70",""
"2000","구로구","0.038","0.016","0.7","0.005","51",""
"2000","구로구2","0.029","0.018","0.7","0.004","73",""
"2000","금천구","0.04","0.01","0.8","0.005","63",""
"2000","노원구","0.037","0.024","0.8","0.007","71",""
"2000","도봉구","0.03","0.022","0.8","0.007","67",""
"2000","도산대로","0.058","0.011","1.6","0.007","52",""
"2000","동대문구","0.032","0.015","1.1","0.007","58",""
"2000","동작구","0.031","0.01","0.8","0.006","58",""
"2000","마포구","0.034","0.017","1","0.008","65",""
"2000","서대문구","0.045","0.015","0.8","0.006","59",""
"2000","서초구","0.038","0.018","0.5","0.005","48",""
"2000","성동구","0.041","0.012","0.7","0.004","75",""
"2000","성북구","0.026","0.019","0.9","0.011","",""
"2000","송파구","0.033","0.016","0.7","0.005","45",""
"2000","송파구2","0.036","0.016","0.9","0.01","44",""
"2000","신촌로","0.053","0.011","1.5","0.009","76",""
"2000","양천구","0.037","0.015","1","0.005","70",""
"2000","영등포구","0.038","0.017","1.2","0.008","46",""
"2000","영등포로","0.073","","1.6","","58",""
"2000","용산구","0.04","0.018","1","0.006","69",""
"2000","은평구","0.026","0.021","0.8","0.006","38",""
"2000","종로구","0.046","0.017","0.9","0.006","78",""
"2000","중구","0.026","0.013","1.4","0.008","53",""
"2000","중랑구","0.032","0.017","1.4","0.007","76",""
"2000","천호대로","","","","","",""
"2000","청계천로","0.061","","1.5","","69",""
"2000","한강대로","","","","","",""
"2000","홍릉로","0.076","","1.5","","69",""
"2000","홍지문","","","","","",""
"1999","강남구","0.025","0.016","1.3","0.006","68",""
"1999","강동구","0.035","0.015","0.8","0.006","75",""
"1999","강북구","0.035","0.011","0.9","0.007","68",""
"1999","강서구","0.042","0.016","0.7","0.007","56",""
"1999","관악구","0.013","0.026","1.1","0.004","",""
"1999","광진구","0.032","0.017","0.8","0.006","",""
"1999","구로구","0.04","0.017","0.8","0.008","58",""
"1999","구로구2","0.032","0.016","0.8","0.006","",""
"1999","금천구","0.036","0.013","1.2","0.008","63",""
"1999","노원구","0.036","0.017","0.8","0.005","72",""
"1999","도봉구","0.033","0.022","0.8","0.008","58",""
"1999","도산대로","0.063","0.01","1.5","0.005","",""
"1999","동대문구","0.029","0.014","1.4","0.008","66",""
"1999","동작구","0.033","0.013","1","0.008","59",""
"1999","마포구","0.023","0.014","1.4","0.007","71",""
"1999","서대문구","0.042","0.014","0.9","0.008","64",""
"1999","서초구","0.043","0.016","0.9","0.006","58",""
"1999","성동구","0.037","0.016","1","0.008","",""
"1999","성북구","0.035","0.015","1.2","0.01","",""
"1999","송파구","0.033","0.017","0.8","0.006","47",""
"1999","송파구2","0.021","0.017","1.7","0.01","53",""
"1999","신촌로","0.055","0.011","1.7","0.006","",""
"1999","양천구","0.036","0.013","1.1","0.006","77",""
"1999","영등포구","0.032","0.018","1.7","0.006","88",""
"1999","영등포로","0.059","","1.7","","",""
"1999","용산구","0.04","0.016","1.1","0.006","",""
"1999","은평구","0.027","0.023","1.1","0.006","50",""
"1999","종로구","0.033","0.015","1.1","0.006","73",""
"1999","중구","0.024","0.014","1.5","0.007","70",""
"1999","중랑구","0.023","0.015","1.5","0.009","96",""
"1999","천호대로","","","","","",""
"1999","청계천로","0.076","","1.6","","",""
"1999","한강대로","0.04","0.011","2.7","0.012","80",""
"1999","홍릉로","0.068","","1.6","","",""
"1999","홍지문","0.032","0.011","2.9","0.017","43",""
"1998","강남구","0.018","0.017","1.1","0.008","",""
"1998","강동구","0.033","0.015","0.8","0.005","65",""
"1998","강북구","0.04","0.013","1.2","0.01","67",""
"1998","강서구","0.051","0.017","0.9","0.006","58",""
"1998","관악구","0.022","0.023","1.2","0.005","",""
"1998","광진구","0.03","0.021","0.8","0.006","",""
"1998","구로구","0.031","0.012","0.7","0.009","57",""
"1998","구로구2","0.026","0.015","0.7","0.007","",""
"1998","금천구","0.032","0.013","1.2","0.007","65",""
"1998","노원구","0.032","0.016","1","0.008","65",""
"1998","도봉구","0.033","0.021","0.9","0.011","64",""
"1998","도산대로","0.056","0.008","1.5","0.006","",""
"1998","동대문구","0.033","0.015","1.4","0.008","64",""
"1998","동작구","0.033","0.018","0.9","0.01","64",""
"1998","마포구","0.029","0.011","1.3","0.006","91",""
"1998","서대문구","0.04","0.017","0.9","0.006","",""
"1998","서초구","0.04","0.016","0.9","0.006","53",""
"1998","성동구","0.031","0.018","1","0.009","",""
"1998","성북구","0.035","0.015","1.4","0.009","",""
"1998","송파구","0.032","0.019","0.8","0.007","46",""
"1998","송파구2","0.013","0.013","1.9","0.008","",""
"1998","신촌로","0.081","0.008","1.7","0.009","",""
"1998","양천구","0.036","0.015","1","0.008","64",""
"1998","영등포구","0.021","0.018","1.2","0.007","",""
"1998","영등포로","0.052","","1.7","","",""
"1998","용산구","0.039","0.017","1","0.007","",""
"1998","은평구","0.019","0.022","1.2","0.008","54",""
"1998","종로구","0.039","0.016","1.2","0.006","69",""
"1998","중구","0.026","0.013","1.6","0.007","49",""
"1998","중랑구","0.018","0.017","1.6","0.008","62",""
"1998","천호대로","","","","","",""
"1998","청계천로","0.072","","1.6","","",""
"1998","한강대로","0.018","0.009","2.9","0.009","78",""
"1998","홍릉로","0.063","0.088","1.5","0.006","",""
"1998","홍지문","0.049","0.01","2.5","0.016","54",""
"1997","강남구","0.027","0.016","1.7","0.014","1",""
"1997","강서구","0.047","0.016","0.9","0.007","60",""
"1997","관악구","0.023","0.022","0.8","0.007","",""
"1997","광진구","0.036","0.024","0.8","0.008","",""
"1997","구로구","0.032","0.012","0.7","0.009","77",""
"1997","구로구2","0.03","0.014","0.7","0.009","",""
"1997","도봉구","0.04","0.02","1","0.016","78",""
"1997","도산대로","0.07","0.01","2","0.009","",""
"1997","동대문구","0.041","0.012","1.3","0.011","79",""
"1997","마포구","0.032","0.01","1.6","0.01","87",""
"1997","서대문구","0.036","0.015","1","0.009","",""
"1997","서초구","0.037","0.015","1","0.01","60",""
"1997","성동구","0.032","0.015","1.1","0.012","",""
"1997","성북구","0.034","0.017","1.9","0.017","",""
"1997","송파구","0.039","0.017","0.8","0.005","55",""
"1997","송파구2","0.018","0.012","1.6","0.006","0",""
"1997","신촌로","0.067","0.009","1.9","0.014","",""
"1997","영등포구","0.031","0.016","1.3","0.017","",""
"1997","영등포로","0.079","","2","","",""
"1997","용산구","0.04","0.015","1.1","0.009","",""
"1997","은평구","0.02","0.018","1.4","0.008","56",""
"1997","종로구","","","","","",""
"1997","중구","0.028","0.013","1.1","0.011","57",""
"1997","중랑구","0.021","0.016","1.6","0.01","68",""
"1997","천호대로","","","","","",""
"1997","청계천로","0.08","","1.7","","",""
"1997","한강대로","0.048","0.011","2.6","0.012","75",""
"1997","홍릉로","0.065","0.012","1.5","0.018","",""
"1997","홍지문","0.038","0.011","2.8","0.015","78",""
"1996","강남구","0.021","0.013","1.3","0.012","",""
"1996","강서구","0.044","0.016","1","0.009","67",""
"1996","관악구","0.013","0.021","0.7","0.012","",""
"1996","광진구","0.036","0.023","0.8","0.009","",""
"1996","구로구","0.034","0.011","0.9","0.012","64",""
"1996","구로구2","0.03","0.015","0.9","0.011","",""
"1996","도봉구","0.042","0.021","1.1","0.016","83",""
"1996","도산대로","0.067","0.009","2.7","0.013","",""
"1996","동대문구","0.042","0.015","1.5","0.013","91",""
"1996","마포구","0.032","0.011","1.9","0.015","53",""
"1996","서대문구","0.032","0.012","1.2","0.012","",""
"1996","서초구","0.034","0.012","0.8","0.01","77",""
"1996","성동구","0.038","0.014","1.2","0.013","",""
"1996","성북구","0.029","0.016","1.5","0.024","",""
"1996","송파구","0.037","0.018","1","0.007","59",""
"1996","송파구2","0.037","0.018","1.4","0.014","",""
"1996","신촌로","0.087","0.009","2.2","0.017","",""
"1996","영등포구","0.028","0.015","1.7","0.023","",""
"1996","영등포로","0.074","0.018","2.7","0.004","",""
"1996","용산구","0.034","0.014","1.6","0.011","",""
"1996","은평구","0.019","0.02","1.7","0.007","58",""
"1996","중구","0.035","0.012","1.5","0.013","78",""
"1996","중랑구","0.042","0.015","1.2","0.014","84",""
"1996","천호대로","","","","","",""
"1996","청계천로","0.084","0.002","2.2","0.018","",""
"1996","홍릉로","0.046","","2.4","","",""
"1996","홍지문","0.028","0.009","3.5","0.021","91",""
"1995","강남구","0.022","0.012","1.7","0.018","",""
"1995","강서구","0.052","0.009","1.1","0.014","68",""
"1995","관악구","0.021","0.015","0.8","0.012","",""
"1995","광진구","0.032","0.016","0.9","0.013","",""
"1995","구로구","0.029","0.011","0.9","0.018","64",""
"1995","구로구2","0.032","0.014","1","0.015","",""
"1995","도봉구","0.036","0.02","1","0.022","83",""
"1995","도산대로","0.048","0.007","1.9","0.016","",""
"1995","동대문구","0.038","0.012","1.6","0.019","97",""
"1995","마포구","0.034","0.011","1.4","0.02","73",""
"1995","서대문구","0.034","0.009","1.3","0.018","",""
"1995","서초구","0.033","0.012","0.7","0.014","81",""
"1995","성동구","0.039","0.013","1.3","0.018","",""
"1995","성북구","0.022","0.016","1.4","0.024","",""
"1995","송파구","0.034","0.016","1","0.01","58",""
"1995","송파구2","0.037","0.015","1.3","0.018","",""
"1995","신촌로","0.074","0.009","2.1","0.03","",""
"1995","영등포구","0.027","0.013","1.7","0.024","",""
"1995","영등포로","0.062","","2.5","","",""
"1995","용산구","0.031","0.011","1.7","0.014","",""
"1995","은평구","0.027","0.014","1.9","0.013","66",""
"1995","중구","0.039","0.013","1.1","0.02","87",""
"1995","중랑구","0.025","0.011","1.5","0.019","89",""
"1995","천호대로","","","","","",""
"1995","청계천로","0.076","","2.3","","",""
"1995","홍릉로","0.057","","3.3","","",""
"1994","강남구","","","","","",""
"1994","강서구","0.044","0.015","1.1","0.015","",""
"1994","관악구","","","","","",""
"1994","광진구","0.027","0.012","1","0.012","",""
"1994","구로구","0.021","0.017","1.1","0.02","",""
"1994","구로구2","0.032","0.016","1.1","0.016","",""
"1994","도봉구","0.024","0.018","1.4","0.024","",""
"1994","동대문구","","","","","",""
"1994","마포구","","","","","",""
"1994","서대문구","0.035","0.014","1.5","0.019","",""
"1994","서초구","0.042","0.016","0.9","0.016","",""
"1994","성동구","0.028","0.015","1.3","0.022","",""
"1994","성북구","","","","","",""
"1994","송파구","0.028","0.018","1.1","0.011","",""
"1994","송파구2","","","","","",""
"1994","신촌로","0.077","0.009","2.2","0.032","",""
"1994","영등포구","","","","","",""
"1994","영등포로","0.051","0.012","2.6","0.032","",""
"1994","용산구","0.04","0.015","1.6","0.018","",""
"1994","은평구","","","","","",""
"1994","중구","","","","","",""
"1994","천호대로","","","","","",""
"1994","청계천로","0.07","0.002","2","0.041","",""
"1993","강서구","0.035","0.011","1","0.022","",""
"1993","광진구","0.022","0.011","1.1","0.014","",""
"1993","구로구","0.032","0.014","1.3","0.03","",""
"1993","구로구2","0.03","0.016","1.3","0.021","",""
"1993","도봉구","0.031","0.016","1.7","0.03","",""
"1993","서대문구","0.03","0.013","1.7","0.025","",""
"1993","서초구","0.037","0.014","1.3","0.016","",""
"1993","성동구","0.035","0.014","1.4","0.028","",""
"1993","송파구","0.027","0.015","1.1","0.013","",""
"1993","송파구2","","","","","",""
"1993","신촌로","0.075","0.004","2.7","0.044","",""
"1993","영등포로","0.068","0.005","3.5","0.019","",""
"1993","용산구","0.037","0.011","1.8","0.023","",""
"1993","천호대로","","","","","",""
"1993","청계천로","0.062","0.005","2.6","0.022","",""
"1992","강서구","0.031","0.014","1.2","0.028","",""
"1992","광진구","0.02","0.015","1.3","0.023","",""
"1992","구로구","0.031","0.016","1.6","0.047","",""
"1992","구로구2","0.029","0.01","1.9","0.029","",""
"1992","도봉구","0.033","0.014","3","0.046","",""
"1992","서대문구","0.026","0.02","1.9","0.037","",""
"1992","서초구","0.033","0.009","1.6","0.025","",""
"1992","성동구","0.042","0.006","3","0.074","",""
"1992","송파구","0.032","0.013","1.4","0.021","68",""
"1992","송파구2","0.035","0.004","1.8","0.04","",""
"1992","용산구","0.037","0.011","1.8","0.034","",""
"1992","천호대로","0.105","0.014","1.4","0.019","",""
"1991","강서구","0.03","0.011","1.2","0.02","",""
"1991","광진구","0.031","0.019","1.3","0.023","",""
"1991","구로구","0.031","0.017","1.6","0.061","",""
"1991","구로구2","0.029","0.007","2.3","0.04","",""
"1991","도봉구","0.026","0.011","2.4","0.051","",""
"1991","서대문구","0.03","0.018","2.1","0.036","",""
"1991","서초구","0.034","0.011","3.3","0.028","",""
"1991","성동구","0.047","0.009","2.4","0.054","",""
"1991","송파구","0.034","0.013","1.6","0.035","78",""
"1991","송파구2","0.029","0.011","1.2","0.021","",""
"1991","용산구","0.037","0.011","2","0.037","",""
"1991","천호대로","","","","","",""
"1990","광진구","0.036","0.008","2.5","0.025","",""
"1990","구로구","0.026","0.014","2.9","0.074","",""
"1990","구로구2","0.027","0.016","4","0.051","",""
"1990","도봉구","0.022","0.007","2.8","0.066","",""
"1990","서대문구","0.026","0.011","3.4","0.062","",""
"1990","서초구","0.033","0.008","2.7","0.049","",""
"1990","성동구","0.044","0.009","2.5","0.065","",""
"1990","송파구","0.032","0.015","1.8","0.042","57",""
"1990","송파구2","0.033","0.009","1.7","0.04","",""
"1990","용산구","0.035","0.01","2.4","0.027","",""
"1990","천호대로","0.021","0.014","3.5","0.02","",""
"1989","광진구","0.032","0.01","2.5","0.036","",""
"1989","구로구","0.034","0.007","5.4","0.091","",""
"1989","구로구2","0.024","0.018","4.2","0.073","",""
"1989","도봉구","0.03","0.008","4.8","0.081","",""
"1989","서대문구","0.033","0.013","4.5","0.105","",""
"1989","서초구","0.036","0.009","2.5","0.059","",""
"1989","성동구","0.041","0.01","2.8","0.075","",""
"1989","송파구","0.032","0.014","2","0.049","61",""
"1989","송파구2","0.028","0.007","2","0.05","",""
"1989","용산구","0.039","0.011","2.1","0.084","",""
"1988","광진구","0.027","0.008","2.5","0.057","",""
"1988","구로구","0.029","0.003","2.9","0.081","",""
"1988","구로구2","0.018","0.011","3.7","0.09","",""
"1988","도봉구","0.03","0.017","4","0.097","",""
"1988","서대문구","0.029","0.015","4.2","0.121","",""
"1988","서초구","0.034","0.011","2.6","0.057","",""
"1988","성동구","0.034","0.008","3.9","0.078","",""
"1988","송파구","0.03","0.012","1.9","0.039","68",""
"1988","송파구2","0.029","0.006","1.8","0.039","",""
"1988","용산구","0.026","0.01","2.7","0.072","",""
"1987","광진구","0.027","0.006","1.8","0.051","",""
"1987","구로구","0.032","0.008","3.5","0.078","",""
"1987","구로구2","0.022","0.008","3.2","0.103","",""
"1987","도봉구","0.033","0.012","4.6","0.097","",""
"1987","서대문구","0.053","0.014","4.2","0.055","",""
"1987","서초구","0.037","0.017","2.9","0.064","",""
"1987","성동구","0.035","0.022","3.8","0.094","",""
"1987","송파구","0.032","0.014","1.8","","",""
"1987","송파구2","0.048","0.005","2","0.04","",""
"1987","용산구","0.026","0.012","2.6","0.056","",""