"螟沥斥档","螟沥家疙","捞魂拳龙家丑档(ppm)","坷粮丑档(ppm)","老魂拳藕家丑档(ppm)","酒炔魂啊胶(ppm)","固技刚瘤(Ф/З)","檬固技刚瘤(Ф/З)"
"2023","碍巢备","0.036","0.015","0.6","0.004","44","29"
"2023","碍巢措肺","0.04","0.01","0.9","0.004","48","32"
"2023","碍悼备","0.031","0.012","0.6","0.003","48","34"
"2023","碍函合肺","0.043","0.01","0.8","0.003","47","33"
"2023","碍合备","0.03","0.018","0.7","0.003","44","28"
"2023","碍辑备","0.038","0.015","0.8","0.004","56","32"
"2023","傍亲措肺","0.04","0.011","0.7","0.003","49","32"
"2023","包厩备","0.04","0.013","0.7","0.003","47","29"
"2023","包厩魂","0.013","0.035","0.3","0.004","35","22"
"2023","堡柳备","0.022","0.012","0.8","0.002","44","30"
"2023","备肺备","0.032","0.013","0.5","0.003","48","31"
"2023","陛玫备","0.034","0.015","0.6","0.004","42","33"
"2023","巢魂","0.029","0.017","0.9","0.004","41","30"
"2023","畴盔备","0.042","0.015","0.7","0.004","46","34"
"2023","档豪备","0.03","0.019","0.7","0.003","38","27"
"2023","档魂措肺","0.039","0.01","0.9","0.004","46","32"
"2023","悼措巩备","0.035","0.015","0.7","0.004","43","29"
"2023","悼累备","0.039","0.013","0.6","0.003","47","33"
"2023","悼累措肺","0.043","0.012","0.8","0.003","51","32"
"2023","付器备","0.038","0.012","0.7","0.004","37","35"
"2023","付器酒飘季磐","0.038","0.016","0.7","0.004","46","30"
"2023","合茄魂","0.011","0.029","0.3","0.003","32","23"
"2023","辑措巩备","0.035","0.015","0.8","0.006","43","28"
"2023","辑匡剑","0.036","0.014","0.6","0.004","45","28"
"2023","辑檬备","0.037","0.013","0.5","0.003","46","30"
"2023","己悼备","0.038","0.013","0.6","0.004","46","26"
"2023","己合备","0.04","0.013","0.8","0.004","40","29"
"2023","技邦","0.036","0.013","0.9","0.005","47","31"
"2023","价颇备","0.039","0.012","0.7","0.003","44","30"
"2023","矫蕊措肺","0.044","0.011","0.7","0.004","43","24"
"2023","脚锰肺","0.044","0.009","0.8","0.004","53","37"
"2023","剧玫备","0.036","0.012","0.7","0.003","50","36"
"2023","康殿器备","0.039","0.013","0.7","0.004","47","33"
"2023","康殿器肺","0.042","0.011","0.8","0.004","48","35"
"2023","棵覆侨傍盔","0.035","0.019","0.8","0.003","43","33"
"2023","侩魂备","0.032","0.014","0.7","0.004","41","30"
"2023","篮乞备","0.028","0.016","0.8","0.004","41","26"
"2023","磊楷荤冠拱包","0.034","0.017","0.5","0.004","40","27"
"2023","沥釜肺","0.043","0.009","0.8","0.004","47","33"
"2023","辆肺","0.038","0.013","0.8","0.004","43","26"
"2023","辆肺备","0.036","0.014","0.7","0.004","43","34"
"2023","吝备","0.038","0.018","0.7","0.004","44","37"
"2023","吝尔备","0.037","0.014","0.6","0.003","43","32"
"2023","玫龋措肺","0.044","0.009","0.8","0.004","48","32"
"2023","没拌玫肺","0.034","0.013","0.7","0.004","47","30"
"2023","茄碍措肺","0.041","0.014","0.8","0.004","49","29"
"2023","亲悼","0.021","0.016","0.9","0.004","42","28"
"2023","青林","0.029","0.016","0.6","0.004","45","30"
"2023","全釜肺","0.038","0.01","0.7","0.004","43","33"
"2023","拳尔肺","0.045","0.01","0.7","0.003","44","30"
"2022","碍巢备","0.023","0.03","0.4","0.003","32","18"
"2022","碍巢措肺","0.031","0.019","0.6","0.003","37","19"
"2022","碍悼备","0.02","0.025","0.4","0.003","34","19"
"2022","碍函合肺","0.032","0.02","0.6","0.003","36","19"
"2022","碍合备","0.015","0.032","0.4","0.002","34","18"
"2022","碍辑备","0.022","0.03","0.5","0.003","37","19"
"2022","傍亲措肺","0.029","0.024","0.5","0.003","37","19"
"2022","包厩备","0.023","0.027","0.5","0.003","34","18"
"2022","包厩魂","0.009","0.045","0.4","0.003","29","16"
"2022","堡柳备","0.019","0.028","0.5","0.003","32","18"
"2022","备肺备","0.02","0.03","0.4","0.003","35","17"
"2022","陛玫备","0.022","0.029","0.4","0.003","31","19"
"2022","巢魂","0.019","0.036","0.5","0.003","28","14"
"2022","畴盔备","0.021","0.03","0.5","0.003","34","21"
"2022","档豪备","0.016","0.031","0.5","0.003","29","17"
"2022","档魂措肺","0.026","0.025","0.6","0.003","37","19"
"2022","悼措巩备","0.022","0.031","0.4","0.003","34","19"
"2022","悼累备","0.022","0.031","0.4","0.003","35","20"
"2022","悼累措肺","0.034","0.024","0.5","0.003","37","20"
"2022","付器备","0.023","0.029","0.4","0.003","30","18"
"2022","付器酒飘季磐","0.022","0.035","0.5","0.003","32","16"
"2022","合茄魂","0.009","0.035","0.3","0.002","26","16"
"2022","辑措巩备","0.018","0.029","0.6","0.003","30","16"
"2022","辑匡剑","0.02","0.026","0.5","0.003","34","16"
"2022","辑檬备","0.022","0.028","0.4","0.002","32","17"
"2022","己悼备","0.021","0.028","0.4","0.003","35","16"
"2022","己合备","0.024","0.028","0.5","0.003","34","18"
"2022","技邦","0.023","0.025","0.6","0.003","36","18"
"2022","价颇备","0.025","0.027","0.5","0.003","35","19"
"2022","矫蕊措肺","0.035","0.022","0.5","0.003","36","18"
"2022","脚锰肺","0.034","0.022","0.6","0.003","39","20"
"2022","剧玫备","0.021","0.027","0.5","0.003","35","20"
"2022","康殿器备","0.023","0.028","0.5","0.003","32","18"
"2022","康殿器肺","0.031","0.023","0.5","0.003","34","20"
"2022","棵覆侨傍盔","0.02","0.032","0.5","0.003","31","19"
"2022","侩魂备","0.021","0.029","0.4","0.003","33","19"
"2022","篮乞备","0.017","0.029","0.5","0.003","33","19"
"2022","磊楷荤冠拱包","0.019","0.035","0.5","0.003","30","16"
"2022","沥釜肺","0.034","0.022","0.5","0.003","36","20"
"2022","辆肺","0.024","0.024","0.5","0.003","34","17"
"2022","辆肺备","0.022","0.031","0.5","0.003","33","20"
"2022","吝备","0.024","0.03","0.4","0.003","30","19"
"2022","吝尔备","0.021","0.031","0.4","0.003","33","18"
"2022","玫龋措肺","0.031","0.022","0.5","0.003","37","19"
"2022","没拌玫肺","0.026","0.026","0.5","0.004","37","20"
"2022","茄碍措肺","0.029","0.02","0.5","0.003","43","19"
"2022","亲悼","0.019","0.026","0.5","0.003","33","16"
"2022","青林","0.017","0.028","0.5","0.003","34","17"
"2022","全釜肺","0.027","0.024","0.5","0.003","35","20"
"2022","拳尔肺","0.034","0.022","0.5","0.003","32","19"
"2021","碍巢备","0.024","0.028","0.4","0.003","37","20"
"2021","碍巢措肺","0.032","0.02","0.7","0.003","40","19"
"2021","碍悼备","0.022","0.025","0.4","0.003","40","21"
"2021","碍函合肺","0.031","0.021","0.6","0.003","39","21"
"2021","碍合备","0.016","0.029","0.4","0.003","39","19"
"2021","碍辑备","0.026","0.029","0.5","0.003","41","22"
"2021","傍亲措肺","0.033","0.025","0.5","0.003","43","20"
"2021","包厩备","0.027","0.028","0.5","0.003","36","19"
"2021","包厩魂","0.009","0.047","0.3","0.003","34","16"
"2021","堡柳备","0.02","0.027","0.5","0.003","37","20"
"2021","备肺备","0.024","0.031","0.4","0.003","41","20"
"2021","陛玫备","0.025","0.028","0.4","0.003","38","22"
"2021","巢魂","0.016","0.034","0.5","0.003","33","18"
"2021","畴盔备","0.022","0.028","0.5","0.003","38","21"
"2021","档豪备","0.017","0.03","0.4","0.003","37","18"
"2021","档魂措肺","0.031","0.023","0.7","0.003","42","21"
"2021","悼措巩备","0.025","0.029","0.4","0.003","38","20"
"2021","悼累备","0.024","0.027","0.4","0.003","41","21"
"2021","悼累措肺","0.039","0.021","0.5","0.003","42","19"
"2021","付器备","0.027","0.027","0.5","0.003","36","19"
"2021","付器酒飘季磐","0.023","0.034","0.6","0.003","36","20"
"2021","合茄魂","0.011","0.033","0.4","0.002","31","18"
"2021","辑措巩备","0.018","0.029","0.5","0.004","34","20"
"2021","辑匡剑","0.024","0.027","0.5","0.003","40","19"
"2021","辑檬备","0.025","0.028","0.4","0.003","39","19"
"2021","己悼备","0.027","0.03","0.4","0.003","38","19"
"2021","己合备","0.025","0.027","0.6","0.003","39","18"
"2021","技邦","0.024","0.025","0.6","0.003","41","20"
"2021","价颇备","0.027","0.028","0.5","0.003","38","19"
"2021","矫蕊措肺","0.042","0.02","0.6","0.004","47","23"
"2021","脚锰肺","0.039","0.018","0.6","0.003","41","22"
"2021","剧玫备","0.025","0.027","0.5","0.003","41","21"
"2021","康殿器备","0.027","0.026","0.5","0.003","37","21"
"2021","康殿器肺","0.035","0.021","0.6","0.003","40","21"
"2021","棵覆侨傍盔","0.02","0.031","0.5","0.003","32","19"
"2021","侩魂备","0.022","0.023","0.4","0.003","37","19"
"2021","篮乞备","0.018","0.031","0.5","0.003","38","21"
"2021","磊楷荤冠拱包","0.02","0.037","0.6","0.004","36","19"
"2021","沥釜肺","0.038","0.021","0.5","0.003","40","20"
"2021","辆肺","0.031","0.023","0.5","0.003","38","18"
"2021","辆肺备","0.023","0.029","0.5","0.003","40","21"
"2021","吝备","0.027","0.026","0.5","0.003","41","21"
"2021","吝尔备","0.023","0.029","0.4","0.003","38","18"
"2021","玫龋措肺","0.033","0.022","0.5","0.003","45","21"
"2021","没拌玫肺","0.031","0.026","0.6","0.004","40","22"
"2021","茄碍措肺","0.031","0.017","0.6","0.003","46","20"
"2021","亲悼","0.023","0.026","0.4","0.003","40","19"
"2021","青林","0.021","0.03","0.6","0.003","40","20"
"2021","全釜肺","0.032","0.022","0.5","0.003","39","20"
"2021","拳尔肺","0.035","0.016","0.5","0.003","40","20"
"2020","碍巢备","0.025","0.026","0.5","0.003","32","21"
"2020","碍巢措肺","0.034","0.018","0.7","0.003","37","19"
"2020","碍悼备","0.025","0.023","0.5","0.003","37","23"
"2020","碍函合肺","0.034","0.02","0.6","0.003","37","20"
"2020","碍合备","0.02","0.024","0.4","0.003","38","21"
"2020","碍辑备","0.023","0.026","0.4","0.004","38","21"
"2020","傍亲措肺","0.031","0.019","0.5","0.004","42","22"
"2020","包厩备","0.028","0.025","0.5","0.003","35","19"
"2020","包厩魂","0.011","0.032","0.4","0.004","31","16"
"2020","堡柳备","0.02","0.024","0.6","0.003","34","20"
"2020","备肺备","0.023","0.028","0.3","0.003","38","21"
"2020","陛玫备","0.025","0.022","0.5","0.003","35","22"
"2020","巢魂","0.022","0.031","0.6","0.003","30","17"
"2020","畴盔备","0.023","0.026","0.5","0.003","36","23"
"2020","档豪备","0.019","0.028","0.4","0.003","32","20"
"2020","档魂措肺","0.031","0.02","0.7","0.003","38","20"
"2020","悼措巩备","0.025","0.026","0.5","0.003","33","19"
"2020","悼累备","0.025","0.023","0.4","0.003","40","22"
"2020","悼累措肺","0.042","0.02","0.5","0.004","42","22"
"2020","付器备","0.028","0.023","0.5","0.003","33","21"
"2020","付器酒飘季磐","0.022","0.031","0.3","0.003","34","19"
"2020","合茄魂","0.011","0.032","0.4","0.002","30","15"
"2020","辑措巩备","0.02","0.027","0.6","0.003","34","20"
"2020","辑匡剑","0.022","0.02","0.4","0.003","33","17"
"2020","辑檬备","0.026","0.029","0.4","0.003","39","21"
"2020","己悼备","0.025","0.025","0.4","0.003","34","21"
"2020","己合备","0.028","0.024","0.6","0.003","36","19"
"2020","技邦","0.027","0.019","0.7","0.003","38","21"
"2020","价颇备","0.028","0.022","0.5","0.003","34","21"
"2020","矫蕊措肺","0.038","0.02","0.6","0.004","41","23"
"2020","脚锰肺","0.037","0.019","0.6","0.003","40","24"
"2020","剧玫备","0.026","0.024","0.5","0.004","38","22"
"2020","康殿器备","0.026","0.024","0.5","0.003","34","21"
"2020","康殿器肺","0.037","0.019","0.6","0.003","39","23"
"2020","棵覆侨傍盔","0.018","0.023","0.4","0.004","32","20"
"2020","侩魂备","0.02","0.022","0.5","0.003","36","20"
"2020","篮乞备","0.017","0.029","0.5","0.003","34","19"
"2020","磊楷荤冠拱包","0.019","0.032","0.5","0.006","33","20"
"2020","沥釜肺","0.035","0.018","0.5","0.004","41","25"
"2020","辆肺","0.025","0.023","0.5","0.003","39","22"
"2020","辆肺备","0.025","0.025","0.5","0.004","36","22"
"2020","吝备","0.024","0.024","0.5","0.003","36","23"
"2020","吝尔备","0.024","0.024","0.5","0.003","35","19"
"2020","玫龋措肺","0.035","0.021","0.6","0.004","41","21"
"2020","没拌玫肺","0.028","0.022","0.6","0.004","39","26"
"2020","茄碍措肺","0.03","0.02","0.6","0.003","42","21"
"2020","亲悼","0.023","0.023","0.4","0.003","37","21"
"2020","青林","0.026","0.022","0.7","0.003","37","21"
"2020","全釜肺","0.033","0.022","0.5","0.003","35","20"
"2020","拳尔肺","0.03","0.022","0.4","0.004","42","22"
"2019","碍巢备","0.028","0.022","0.5","0.005","41","25"
"2019","碍巢措肺","0.047","0.017","0.6","0.004","47","26"
"2019","碍悼备","0.03","0.022","0.5","0.004","43","26"
"2019","碍函合肺","0.047","0.015","0.5","0.004","46","25"
"2019","碍合备","0.021","0.028","0.5","0.003","46","25"
"2019","碍辑备","0.03","0.027","0.5","0.005","47","26"
"2019","傍亲措肺","0.039","0.018","0.6","0.005","48","27"
"2019","包厩备","0.031","0.026","0.5","0.004","50","29"
"2019","包厩魂","0.012","0.028","0.4","0.004","41","23"
"2019","堡柳备","0.027","0.022","0.7","0.004","43","27"
"2019","备肺备","0.026","0.027","0.4","0.005","45","26"
"2019","陛玫备","0.031","0.022","0.5","0.004","39","25"
"2019","巢魂","0.023","0.03","0.8","0.005","43","24"
"2019","畴盔备","0.027","0.022","0.6","0.005","42","28"
"2019","档豪备","0.019","0.029","0.6","0.004","39","22"
"2019","档魂措肺","0.03","0.02","0.8","0.004","49","28"
"2019","悼措巩备","0.029","0.027","0.5","0.005","40","25"
"2019","悼累备","0.03","0.024","0.5","0.003","44","27"
"2019","悼累措肺","0.047","0.017","0.6","0.006","47","25"
"2019","付器备","0.027","0.025","0.5","0.004","48","28"
"2019","付器酒飘季磐","0.024","0.03","0.3","0.003","34","19"
"2019","合茄魂","0.011","0.029","0.6","0.003","35","21"
"2019","辑措巩备","0.023","0.027","0.8","0.004","42","24"
"2019","辑匡剑","0.024","0.023","0.5","0.004","42","20"
"2019","辑檬备","0.03","0.027","0.4","0.004","44","26"
"2019","己悼备","0.032","0.027","0.5","0.004","46","26"
"2019","己合备","0.032","0.023","0.7","0.003","45","23"
"2019","技邦","0.032","0.018","0.9","0.004","37","21"
"2019","价颇备","0.033","0.023","0.5","0.003","41","24"
"2019","矫蕊措肺","0.045","0.02","0.7","0.004","42","23"
"2019","脚锰肺","0.047","0.018","0.7","0.004","45","27"
"2019","剧玫备","0.032","0.024","0.5","0.004","48","26"
"2019","康殿器备","0.031","0.022","0.5","0.003","46","30"
"2019","康殿器肺","0.046","0.017","0.7","0.004","46","26"
"2019","棵覆侨傍盔","0.022","0.02","0.6","0.003","34","18"
"2019","侩魂备","0.032","0.023","0.5","0.003","35","24"
"2019","篮乞备","0.024","0.03","0.6","0.005","42","24"
"2019","磊楷荤冠拱包","","0.018","0.5","","37","19"
"2019","沥釜肺","0.046","0.014","0.5","0.004","45","28"
"2019","辆肺","0.033","0.022","0.5","0.003","40","22"
"2019","辆肺备","0.03","0.023","0.6","0.004","38","23"
"2019","吝备","0.032","0.027","0.6","0.003","38","23"
"2019","吝尔备","0.024","0.025","0.5","0.006","38","24"
"2019","玫龋措肺","0.041","0.02","0.6","0.003","47","23"
"2019","没拌玫肺","0.036","0.022","0.7","0.004","40","26"
"2019","茄碍措肺","0.04","0.017","0.6","0.004","49","28"
"2019","亲悼","0.033","0.021","0.6","0.004","40","23"
"2019","青林","0.025","0.028","0.7","0.004","45","23"
"2019","全釜肺","0.033","0.023","0.6","0.004","50","30"
"2019","拳尔肺","0.035","0.02","0.4","0.004","43","25"
"2018","碍巢备","0.031","0.017","0.5","0.005","35","22"
"2018","碍巢措肺","0.045","0.015","0.6","0.004","47","26"
"2018","碍悼备","0.03","0.021","0.5","0.005","44","23"
"2018","碍函合肺","0.04","0.014","0.5","0.004","46","24"
"2018","碍合备","0.021","0.029","0.4","0.003","35","19"
"2018","碍辑备","0.031","0.025","0.5","0.004","39","22"
"2018","傍亲措肺","0.043","0.015","0.5","0.006","49","27"
"2018","包厩备","0.032","0.023","0.4","0.004","44","27"
"2018","包厩魂","0.013","0.026","","0.004","33","18"
"2018","堡柳备","0.027","0.021","0.6","0.005","40","21"
"2018","备肺备","0.026","0.026","0.4","0.005","43","23"
"2018","陛玫备","0.031","0.023","0.5","0.004","39","23"
"2018","巢魂","0.029","0.028","0.6","0.005","38","19"
"2018","畴盔备","0.026","0.023","0.5","0.005","39","22"
"2018","档豪备","0.023","0.026","0.6","0.005","41","23"
"2018","档魂措肺","0.034","0.017","0.7","0.004","48","26"
"2018","悼措巩备","0.033","0.021","0.5","0.007","36","23"
"2018","悼累备","0.029","0.025","0.5","0.004","40","22"
"2018","悼累措肺","0.039","0.016","0.6","0.005","49","26"
"2018","付器备","0.026","0.024","0.5","0.004","44","25"
"2018","合茄魂","0.01","0.027","0.5","0.003","33","21"
"2018","辑措巩备","0.024","0.026","0.6","0.004","41","23"
"2018","辑檬备","0.028","0.025","0.4","0.004","42","22"
"2018","己悼备","0.026","0.018","0.4","0.005","42","24"
"2018","己合备","0.029","0.021","0.6","0.004","42","22"
"2018","技邦","0.034","0.018","0.8","0.004","42","20"
"2018","价颇备","0.027","0.024","0.6","0.004","42","22"
"2018","矫蕊措肺","0.049","0.009","0.8","0.005","47","25"
"2018","脚锰肺","0.046","0.012","0.8","0.005","52","27"
"2018","剧玫备","0.033","0.022","0.5","0.004","37","23"
"2018","康殿器备","0.027","0.022","0.6","0.005","48","28"
"2018","康殿器肺","0.047","0.013","0.6","0.006","52","28"
"2018","侩魂备","0.03","0.022","0.4","0.004","34","23"
"2018","篮乞备","0.025","0.028","0.5","0.004","42","26"
"2018","沥釜肺","0.044","0.018","0.6","0.005","47","27"
"2018","辆肺","0.037","0.021","0.5","0.004","36","20"
"2018","辆肺备","0.032","0.025","0.6","0.005","35","21"
"2018","吝备","0.031","0.025","0.5","0.003","36","22"
"2018","吝尔备","0.026","0.022","0.5","0.006","35","21"
"2018","玫龋措肺","0.042","0.018","0.6","0.004","48","24"
"2018","没拌玫肺","0.038","0.021","0.6","0.006","43","27"
"2018","茄碍措肺","0.046","0.018","0.6","0.005","51","27"
"2018","亲悼","0.022","0.021","0.5","0.008","53","33"
"2018","青林","0.023","0.024","0.7","0.004","46","21"
"2018","全釜肺","0.036","0.018","0.7","0.005","46","29"
"2018","拳尔肺","0.033","0.016","0.5","0.004","43","23"
"2017","碍巢备","0.03","0.02","0.4","0.005","44","25"
"2017","碍巢措肺","0.059","0.013","0.7","0.005","57","25"
"2017","碍悼备","0.031","0.023","0.5","0.004","48","24"
"2017","碍函合肺","0.044","0.014","0.5","0.004","53","24"
"2017","碍合备","0.024","0.031","0.5","0.004","37","22"
"2017","碍辑备","0.032","0.027","0.5","0.006","47","24"
"2017","傍亲措肺","0.047","0.016","0.5","0.006","65","33"
"2017","包厩备","0.032","0.025","0.5","0.006","43","26"
"2017","堡柳备","0.031","0.028","0.6","0.004","42","25"
"2017","备肺备","0.023","0.023","0.5","0.006","45","25"
"2017","陛玫备","0.032","0.026","0.5","0.004","41","26"
"2017","畴盔备","0.03","0.028","0.5","0.004","42","25"
"2017","档豪备","0.026","0.027","0.5","0.005","44","24"
"2017","档魂措肺","0.037","0.018","0.7","0.005","52","26"
"2017","悼措巩备","0.029","0.022","0.5","0.005","44","22"
"2017","悼累备","0.031","0.027","0.5","0.004","42","25"
"2017","悼累措肺","0.054","0.015","0.7","0.006","55","29"
"2017","付器备","0.03","0.026","0.5","0.004","41","28"
"2017","辑措巩备","0.027","0.025","0.5","0.005","46","24"
"2017","辑檬备","0.028","0.025","0.5","0.005","47","24"
"2017","己悼备","0.029","0.021","0.5","0.004","48","25"
"2017","己合备","0.033","0.023","0.6","0.004","47","26"
"2017","价颇备","0.029","0.025","0.6","0.005","45","23"
"2017","脚锰肺","0.052","0.012","0.9","0.006","53","28"
"2017","剧玫备","0.031","0.022","0.5","0.005","43","28"
"2017","康殿器备","0.03","0.026","0.7","0.005","49","24"
"2017","康殿器肺","0.053","0.013","0.5","0.006","59","28"
"2017","侩魂备","0.029","0.02","0.4","0.004","39","25"
"2017","篮乞备","0.026","0.028","0.6","0.004","44","23"
"2017","沥釜肺","0.036","0.019","0.6","0.006","56","27"
"2017","辆肺","0.04","0.019","0.5","0.004","44","28"
"2017","辆肺备","0.034","0.026","0.6","0.004","40","24"
"2017","吝备","0.035","0.025","0.5","0.004","40","24"
"2017","吝尔备","0.029","0.023","0.4","0.006","45","25"
"2017","玫龋措肺","0.043","0.017","0.5","0.004","50","27"
"2017","没拌玫肺","0.041","0.019","0.5","0.006","47","29"
"2017","茄碍措肺","0.045","0.018","0.6","0.005","58","26"
"2017","全釜肺","0.043","0.017","0.5","0.005","49","29"
"2017","拳尔肺","0.041","0.017","0.6","0.004","52","25"
"2016","碍巢备","0.033","0.023","0.4","0.005","51","27"
"2016","碍巢措肺","0.068","0.012","0.8","0.007","59","29"
"2016","碍悼备","0.033","0.019","0.5","0.004","53","27"
"2016","碍函合肺","0.051","0.013","0.6","0.005","57","26"
"2016","碍合备","0.03","0.027","0.5","0.004","42","26"
"2016","碍辑备","0.029","0.023","0.4","0.006","51","26"
"2016","傍亲措肺","0.041","0.012","0.6","0.005","66","27"
"2016","包厩备","0.035","0.026","0.6","0.006","48","29"
"2016","堡柳备","0.032","0.023","0.6","0.004","49","29"
"2016","备肺备","0.026","0.024","0.5","0.006","51","27"
"2016","陛玫备","0.034","0.026","0.5","0.004","45","26"
"2016","畴盔备","0.028","0.026","0.5","0.006","40","26"
"2016","档豪备","0.028","0.029","0.5","0.005","47","24"
"2016","档魂措肺","0.044","0.018","0.8","0.005","51","25"
"2016","悼措巩备","0.033","0.021","0.6","0.006","49","26"
"2016","悼累备","0.033","0.024","0.5","0.004","43","25"
"2016","悼累措肺","0.058","0.015","0.7","0.006","65","38"
"2016","付器备","0.033","0.026","0.6","0.005","46","28"
"2016","辑措巩备","0.026","0.028","0.5","0.004","50","24"
"2016","辑檬备","0.031","0.024","0.5","0.005","51","24"
"2016","己悼备","0.034","0.02","0.5","0.005","53","26"
"2016","己合备","0.034","0.021","0.6","0.005","49","25"
"2016","价颇备","0.032","0.024","0.6","0.005","46","25"
"2016","脚锰肺","0.052","0.012","0.8","0.006","65","29"
"2016","剧玫备","0.033","0.027","0.5","0.004","47","25"
"2016","康殿器备","0.027","0.024","0.7","0.004","55","27"
"2016","康殿器肺","0.058","0.013","0.5","0.007","60","29"
"2016","侩魂备","0.032","0.022","0.5","0.005","42","28"
"2016","篮乞备","0.03","0.025","0.5","0.006","47","24"
"2016","沥釜肺","0.031","0.024","0.6","0.006","56","28"
"2016","辆肺","0.044","0.016","0.5","0.004","46","24"
"2016","辆肺备","0.03","0.02","0.4","0.004","46","29"
"2016","吝备","0.036","0.023","0.6","0.005","47","26"
"2016","吝尔备","0.032","0.024","0.5","0.006","50","27"
"2016","玫龋措肺","0.044","0.017","0.6","0.005","44","25"
"2016","没拌玫肺","0.046","0.018","0.6","0.008","44","21"
"2016","茄碍措肺","0.048","0.017","0.6","0.005","60","29"
"2016","全釜肺","0.046","0.014","0.7","0.007","45","29"
"2016","拳尔肺","0.05","0.016","0.7","0.005","55","28"
"2015","碍巢备","0.035","0.021","0.5","0.005","46","23"
"2015","碍巢措肺","0.066","0.011","0.8","0.006","53","26"
"2015","碍悼备","0.031","0.021","0.5","0.005","44","22"
"2015","碍函合肺","0.053","0.013","0.6","0.005","49","26"
"2015","碍合备","0.03","0.021","0.4","0.005","43","22"
"2015","碍辑备","0.03","0.023","0.4","0.006","48","25"
"2015","傍亲措肺","0.035","0.016","0.7","0.006","70","30"
"2015","包厩备","0.035","0.022","0.7","0.005","51","26"
"2015","堡柳备","0.031","0.021","0.5","0.005","45","22"
"2015","备肺备","0.028","0.025","0.6","0.006","46","24"
"2015","陛玫备","0.033","0.019","0.6","0.006","47","27"
"2015","畴盔备","0.03","0.022","0.5","0.006","46","20"
"2015","档豪备","0.03","0.026","0.5","0.005","43","22"
"2015","档魂措肺","0.049","0.015","0.8","0.005","50","24"
"2015","悼措巩备","0.035","0.023","0.5","0.006","44","23"
"2015","悼累备","0.034","0.025","0.5","0.006","44","24"
"2015","悼累措肺","0.058","0.012","0.7","0.007","55","28"
"2015","付器备","0.03","0.025","0.5","0.005","46","26"
"2015","辑措巩备","0.035","0.024","0.5","0.005","42","21"
"2015","辑檬备","0.03","0.021","0.5","0.005","48","23"
"2015","己悼备","0.032","0.021","0.5","0.004","46","23"
"2015","己合备","0.032","0.022","0.6","0.006","42","21"
"2015","价颇备","0.029","0.023","0.6","0.005","44","22"
"2015","脚锰肺","0.054","0.01","0.8","0.007","55","26"
"2015","剧玫备","0.036","0.022","0.5","0.006","48","24"
"2015","康殿器备","0.029","0.022","0.6","0.006","49","24"
"2015","康殿器肺","0.059","0.012","0.6","0.007","55","28"
"2015","侩魂备","0.033","0.02","0.4","0.005","42","24"
"2015","篮乞备","0.032","0.021","0.5","0.005","45","23"
"2015","沥釜肺","0.04","0.024","0.6","0.007","48","23"
"2015","辆肺","0.047","0.017","0.6","0.005","50","26"
"2015","辆肺备","0.033","0.022","0.4","0.006","50","25"
"2015","吝备","0.036","0.023","0.6","0.005","44","23"
"2015","吝尔备","0.034","0.023","0.5","0.006","45","23"
"2015","玫龋措肺","0.045","0.017","0.6","0.005","50","24"
"2015","没拌玫肺","0.041","0.018","0.6","0.009","47","19"
"2015","茄碍措肺","0.05","0.013","0.6","0.005","51","25"
"2015","全釜肺","0.049","0.014","0.7","0.006","46","30"
"2015","全瘤巩","0.045","0.019","0.5","0.006","47","29"
"2015","拳尔肺","0.052","0.014","0.7","0.005","47","24"
"2014","碍巢备","0.036","0.024","0.4","0.006","46","26"
"2014","碍巢措肺","0.067","0.01","0.8","0.006","60","35"
"2014","碍悼备","0.034","0.023","0.6","0.005","45","24"
"2014","碍函合肺","0.057","0.013","0.5","0.005","57","37"
"2014","碍合备","0.03","0.024","0.4","0.005","46","23"
"2014","碍辑备","0.034","0.024","0.5","0.007","46","24"
"2014","傍亲措肺","0.036","0.018","0.7","0.007","62","29"
"2014","包厩备","0.034","0.022","0.6","0.005","51","25"
"2014","堡柳备","0.028","0.027","0.6","0.005","50","23"
"2014","备肺备","0.032","0.024","0.6","0.006","48","24"
"2014","陛玫备","0.03","0.021","0.5","0.006","43","26"
"2014","畴盔备","0.03","0.026","0.4","0.006","45","22"
"2014","档豪备","0.03","0.028","0.5","0.006","43","24"
"2014","档魂措肺","0.045","0.017","0.7","0.006","49","25"
"2014","悼措巩备","0.034","0.024","0.6","0.006","46","24"
"2014","悼累备","0.036","0.024","0.5","0.007","43","25"
"2014","悼累措肺","0.065","0.013","0.8","0.007","54","26"
"2014","付器备","0.034","0.023","0.6","0.005","48","25"
"2014","辑措巩备","0.035","0.025","0.5","0.005","45","22"
"2014","辑檬备","0.032","0.023","0.5","0.005","47","25"
"2014","己悼备","0.039","0.019","0.4","0.005","47","24"
"2014","己合备","0.036","0.023","0.5","0.004","43","22"
"2014","价颇备","0.032","0.023","0.6","0.004","43","23"
"2014","脚锰肺","0.054","0.012","0.9","0.006","57","27"
"2014","剧玫备","0.035","0.022","0.5","0.007","47","24"
"2014","康殿器备","0.032","0.025","0.7","0.006","46","25"
"2014","康殿器肺","0.059","0.013","0.7","0.007","56","30"
"2014","侩魂备","0.035","0.021","0.5","0.006","45","23"
"2014","篮乞备","0.032","0.023","0.6","0.005","45","23"
"2014","沥釜肺","0.043","0.023","0.6","0.006","51","24"
"2014","辆肺","0.047","0.017","0.6","0.005","52","30"
"2014","辆肺备","0.034","0.022","0.4","0.006","45","23"
"2014","吝备","0.037","0.022","0.5","0.006","46","21"
"2014","吝尔备","0.032","0.025","0.5","0.006","47","25"
"2014","玫龋措肺","0.045","0.016","0.6","0.005","50","23"
"2014","没拌玫肺","0.043","0.015","0.6","0.007","46","25"
"2014","茄碍措肺","0.054","0.011","0.7","0.005","52","26"
"2014","全釜肺","0.05","0.016","0.6","0.006","50","35"
"2014","全瘤巩","0.048","0.016","0.5","0.007","50","33"
"2014","拳尔肺","0.048","0.014","0.8","0.005","54","29"
"2013","碍巢备","0.036","0.022","0.5","0.006","47","27"
"2013","碍巢措肺","0.067","0.01","0.8","0.006","58","35"
"2013","碍悼备","0.034","0.02","0.6","0.005","43","24"
"2013","碍函合肺","0.057","0.011","0.6","0.005","55","38"
"2013","碍合备","0.032","0.023","0.4","0.006","45","26"
"2013","碍辑备","0.038","0.024","0.6","0.007","46","21"
"2013","傍亲措肺","0.042","0.02","0.6","0.006","58","28"
"2013","包厩备","0.03","0.023","0.6","0.006","46","27"
"2013","包厩魂","0.018","0.04","","0.006","34","23"
"2013","堡柳备","0.03","0.022","0.6","0.004","46","25"
"2013","备肺备","0.032","0.021","0.6","0.006","47","25"
"2013","陛玫备","0.036","0.022","0.5","0.007","45","28"
"2013","巢魂","0.032","0.026","0.6","0.006","46","25"
"2013","畴盔备","0.033","0.024","0.5","0.006","44","24"
"2013","档豪备","0.032","0.025","0.6","0.005","43","25"
"2013","档魂措肺","0.042","0.015","0.8","0.005","48","26"
"2013","悼措巩备","0.032","0.023","0.5","0.006","45","26"
"2013","悼累备","0.032","0.023","0.5","0.008","42","29"
"2013","悼累措肺","0.055","0.013","0.7","0.005","53","28"
"2013","付器备","0.032","0.022","0.6","0.005","46","24"
"2013","合茄魂","0.018","0.027","0.5","0.005","36","22"
"2013","辑措巩备","0.031","0.022","0.4","0.005","43","23"
"2013","辑檬备","0.034","0.022","0.6","0.005","45","25"
"2013","己悼备","0.033","0.018","0.4","0.003","44","24"
"2013","己合备","0.037","0.02","0.6","0.004","41","21"
"2013","技邦","0.034","0.016","0.7","0.005","55","28"
"2013","价颇备","0.032","0.022","0.5","0.005","42","24"
"2013","脚锰肺","0.052","0.013","0.9","0.005","58","29"
"2013","剧玫备","0.035","0.023","0.5","0.006","47","29"
"2013","康殿器备","0.032","0.022","0.6","0.006","46","27"
"2013","康殿器肺","0.057","0.011","0.8","0.007","54","30"
"2013","侩魂备","0.036","0.02","0.5","0.006","44","25"
"2013","篮乞备","0.031","0.021","0.6","0.005","44","25"
"2013","沥釜肺","0.041","0.025","0.5","0.005","48","23"
"2013","辆肺","0.047","0.017","0.6","0.005","48","30"
"2013","辆肺备","0.035","0.02","0.5","0.006","45","24"
"2013","吝备","0.04","0.021","0.5","0.006","43","24"
"2013","吝尔备","0.029","0.021","0.5","0.005","45","26"
"2013","玫龋措肺","0.048","0.015","0.5","0.005","46","26"
"2013","没拌玫肺","0.049","0.017","0.7","0.007","47","28"
"2013","茄碍措肺","0.053","0.015","0.8","0.006","53","25"
"2013","亲悼","0.028","0.023","0.5","0.005","46","18"
"2013","青林","0.029","0.02","0.6","0.006","50","25"
"2013","全釜肺","0.051","0.015","0.6","0.007","58","37"
"2013","全瘤巩","0.049","0.017","0.6","0.007","53","33"
"2013","拳尔肺","0.048","0.013","0.8","0.005","54","32"
"2012","碍巢备","0.037","0.017","0.5","0.005","43",""
"2012","碍巢措肺","0.066","0.009","0.8","0.005","52","34"
"2012","碍悼备","0.03","0.024","0.4","0.006","39",""
"2012","碍函合肺","0.053","0.012","0.6","0.004","48","33"
"2012","碍合备","0.031","0.023","0.4","0.004","41",""
"2012","碍辑备","0.031","0.02","0.5","0.006","44","26"
"2012","傍亲措肺","0.034","0.018","0.5","0.005","52","27"
"2012","包厩备","0.032","0.023","0.6","0.005","40",""
"2012","堡柳备","0.028","0.021","0.6","0.004","41","25"
"2012","备肺备","0.031","0.022","0.5","0.005","41",""
"2012","陛玫备","0.033","0.022","0.5","0.006","43",""
"2012","畴盔备","0.03","0.021","0.5","0.006","41",""
"2012","档豪备","0.025","0.023","0.6","0.005","38",""
"2012","档魂措肺","0.04","0.015","0.9","0.005","45","24"
"2012","悼措巩备","0.033","0.021","0.7","0.005","43",""
"2012","悼累备","0.034","0.022","0.5","0.007","42",""
"2012","悼累措肺","0.058","0.011","0.7","0.005","52","24"
"2012","付器备","0.028","0.02","0.6","0.005","42",""
"2012","辑措巩备","0.027","0.022","0.5","0.006","38",""
"2012","辑檬备","0.033","0.022","0.6","0.005","43",""
"2012","己悼备","0.024","0.021","0.5","0.005","43",""
"2012","己合备","0.031","0.021","0.6","0.004","38",""
"2012","价颇备","0.029","0.022","0.6","0.005","39",""
"2012","脚锰肺","0.053","0.011","0.9","0.005","50","28"
"2012","剧玫备","0.032","0.021","0.4","0.006","43",""
"2012","康殿器备","0.03","0.021","0.7","0.007","44",""
"2012","康殿器肺","0.056","0.01","0.7","0.006","47","26"
"2012","侩魂备","0.033","0.019","0.5","0.004","40",""
"2012","篮乞备","0.026","0.022","0.5","0.005","39",""
"2012","沥釜肺","0.039","0.02","0.5","0.005","44","23"
"2012","辆肺","0.048","0.016","0.6","0.005","44","29"
"2012","辆肺备","0.028","0.022","0.5","0.007","41","22"
"2012","吝备","0.03","0.02","0.5","0.005","39",""
"2012","吝尔备","0.03","0.021","0.5","0.004","42",""
"2012","玫龋措肺","0.046","0.018","0.6","0.005","43","27"
"2012","没拌玫肺","0.047","0.016","0.6","0.006","43","24"
"2012","茄碍措肺","0.049","0.011","0.7","0.005","49","23"
"2012","全釜肺","0.048","0.012","0.6","0.006","50","30"
"2012","全瘤巩","0.044","0.014","0.5","0.006","39","27"
"2012","拳尔肺","0.044","0.013","0.7","0.005","49","36"
"2011","碍巢备","0.044","0.014","0.5","0.005","50",""
"2011","碍巢措肺","0.073","0.008","0.9","0.005","65",""
"2011","碍悼备","0.029","0.02","0.6","0.006","45",""
"2011","碍函合肺","0.048","0.01","0.7","0.004","61",""
"2011","碍合备","0.034","0.02","0.5","0.006","39",""
"2011","碍辑备","0.036","0.02","0.5","0.006","50",""
"2011","傍亲措肺","0.035","0.017","0.5","0.005","61",""
"2011","包厩备","0.035","0.019","0.6","0.004","49",""
"2011","堡柳备","0.03","0.021","0.7","0.004","48",""
"2011","备肺备","0.034","0.021","0.6","0.005","49",""
"2011","陛玫备","0.036","0.019","0.5","0.006","43",""
"2011","畴盔备","0.031","0.02","0.5","0.006","42",""
"2011","档豪备","0.025","0.022","0.6","0.004","45",""
"2011","档魂措肺","0.039","0.015","0.8","0.005","53",""
"2011","悼措巩备","0.037","0.017","0.6","0.005","49",""
"2011","悼累备","0.035","0.021","0.5","0.006","46",""
"2011","悼累措肺","0.057","0.01","0.7","0.005","61",""
"2011","付器备","0.034","0.017","0.6","0.004","51",""
"2011","辑措巩备","0.028","0.021","0.5","0.005","47",""
"2011","辑檬备","0.035","0.019","0.6","0.005","50",""
"2011","己悼备","0.027","0.018","0.4","0.004","50",""
"2011","己合备","0.033","0.019","0.6","0.004","42",""
"2011","价颇备","0.029","0.021","0.6","0.005","47",""
"2011","脚锰肺","0.056","0.01","0.9","0.006","54",""
"2011","剧玫备","0.035","0.018","0.4","0.006","43",""
"2011","康殿器备","0.037","0.018","0.7","0.005","50",""
"2011","康殿器肺","0.057","0.01","0.8","0.006","58",""
"2011","侩魂备","0.035","0.018","0.5","0.005","49",""
"2011","篮乞备","0.028","0.021","0.6","0.005","47",""
"2011","沥釜肺","0.04","0.018","0.6","0.004","52",""
"2011","辆肺","0.047","0.014","0.7","0.006","54",""
"2011","辆肺备","0.029","0.017","0.5","0.007","46",""
"2011","吝备","0.034","0.017","0.6","0.005","47",""
"2011","吝尔备","0.03","0.02","0.5","0.005","48",""
"2011","玫龋措肺","0.046","0.014","0.7","0.006","52",""
"2011","没拌玫肺","0.046","0.015","0.7","0.006","48",""
"2011","茄碍措肺","0.05","0.014","0.7","0.006","50",""
"2011","全釜肺","0.05","0.013","0.7","0.007","55",""
"2011","全瘤巩","0.048","0.011","0.7","0.006","47",""
"2011","拳尔肺","0.052","0.012","0.8","0.004","59",""
"2010","碍巢备","0.042","0.014","0.5","0.005","52",""
"2010","碍巢措肺","0.076","0.007","1","0.005","65",""
"2010","碍悼备","0.031","0.019","0.4","0.006","48",""
"2010","碍函合肺","0.054","0.01","0.7","0.003","58",""
"2010","碍合备","0.035","0.022","0.5","0.006","45",""
"2010","碍辑备","0.037","0.02","0.6","0.006","49",""
"2010","包厩备","0.035","0.019","0.6","0.004","55",""
"2010","堡柳备","0.031","0.023","0.6","0.004","47",""
"2010","备肺备","0.034","0.02","0.6","0.004","51",""
"2010","陛玫备","0.035","0.02","0.5","0.007","48",""
"2010","畴盔备","0.03","0.022","0.5","0.005","41",""
"2010","档豪备","0.027","0.023","0.6","0.004","44",""
"2010","档魂措肺","0.041","0.014","0.8","0.004","55",""
"2010","悼措巩备","0.037","0.015","0.5","0.005","52",""
"2010","悼累备","0.035","0.022","0.5","0.006","48",""
"2010","悼累措肺","","","","","",""
"2010","付器备","0.034","0.015","0.6","0.005","52",""
"2010","辑措巩备","0.034","0.022","0.5","0.004","53",""
"2010","辑檬备","0.032","0.018","0.5","0.004","50",""
"2010","己悼备","0.03","0.016","0.4","0.005","49",""
"2010","己合备","0.036","0.017","0.7","0.004","44",""
"2010","价颇备","0.028","0.021","0.6","0.004","47",""
"2010","脚锰肺","0.055","0.011","1.1","0.006","52",""
"2010","剧玫备","0.033","0.021","0.6","0.006","52",""
"2010","康殿器备","0.038","0.019","0.6","0.004","52",""
"2010","康殿器肺","0.057","0.01","0.9","0.006","62",""
"2010","侩魂备","0.038","0.018","0.5","0.006","50",""
"2010","篮乞备","0.029","0.023","0.6","0.005","47",""
"2010","辆肺","0.046","0.013","0.7","0.006","58",""
"2010","辆肺备","0.036","0.021","0.4","0.006","50",""
"2010","吝备","0.033","0.017","0.7","0.005","49",""
"2010","吝尔备","0.028","0.018","0.5","0.004","49",""
"2010","玫龋措肺","0.045","0.013","0.6","0.006","50",""
"2010","没拌玫肺","0.045","0.014","0.7","0.007","50",""
"2010","茄碍措肺","0.054","0.012","0.8","0.006","51",""
"2010","全釜肺","0.05","0.012","0.8","0.006","54",""
"2010","全瘤巩","0.049","0.011","0.7","0.006","50",""
"2010","拳尔肺","0.054","0.011","0.8","0.004","61",""
"2009","碍巢备","0.044","0.015","0.6","0.007","56",""
"2009","碍巢措肺","0.075","0.004","1.1","0.005","79",""
"2009","碍悼备","0.033","0.019","0.4","0.006","53",""
"2009","碍函合肺","0.052","0.007","0.7","0.004","63",""
"2009","碍合备","0.038","0.024","0.5","0.006","54",""
"2009","碍辑备","0.035","0.022","0.6","0.006","57",""
"2009","包厩备","0.036","0.021","0.6","0.005","56",""
"2009","堡柳备","0.033","0.023","0.6","0.004","52",""
"2009","备肺备","0.037","0.022","0.6","0.004","55",""
"2009","备肺备2","0.03","0.034","0.5","0.004","50",""
"2009","陛玫备","0.04","0.023","0.6","0.007","55",""
"2009","畴盔备","0.031","0.023","0.5","0.005","55",""
"2009","档豪备","0.032","0.025","0.7","0.005","50",""
"2009","档魂措肺","0.052","0.016","0.8","0.007","54",""
"2009","悼措巩备","0.038","0.022","0.6","0.005","53",""
"2009","悼累备","0.035","0.024","0.5","0.006","55",""
"2009","付器备","0.035","0.017","0.6","0.004","57",""
"2009","辑措巩备","0.035","0.02","0.6","0.005","56",""
"2009","辑檬备","0.032","0.019","0.6","0.004","55",""
"2009","己悼备","0.031","0.02","0.5","0.004","55",""
"2009","己合备","0.038","0.021","0.7","0.004","51",""
"2009","价颇备","0.03","0.023","0.7","0.004","52",""
"2009","价颇备2","0.038","0.015","0.6","0.005","62",""
"2009","脚锰肺","0.059","0.013","1.1","0.006","63",""
"2009","剧玫备","0.037","0.022","0.5","0.007","52",""
"2009","康殿器备","0.039","0.018","0.7","0.004","53",""
"2009","康殿器肺","0.058","0.009","0.9","0.008","67",""
"2009","侩魂备","0.039","0.02","0.6","0.006","56",""
"2009","篮乞备","0.026","0.025","0.6","0.006","53",""
"2009","辆肺","0.05","0.011","0.7","0.007","63",""
"2009","辆肺备","0.035","0.021","0.7","0.007","53",""
"2009","吝备","0.038","0.02","0.8","0.006","53",""
"2009","吝尔备","0.033","0.023","0.5","0.005","51",""
"2009","玫龋措肺","0.048","0.011","0.7","0.006","50",""
"2009","没拌玫肺","0.048","0.014","0.8","0.008","55",""
"2009","茄碍措肺","0.056","0.01","0.9","0.007","65",""
"2009","全釜肺","0.052","0.01","0.8","0.007","67",""
"2009","全瘤巩","0.049","0.013","0.7","0.007","59",""
"2009","拳尔肺","0.054","0.007","1","0.004","70",""
"2008","碍巢备","0.038","0.014","0.5","0.005","54",""
"2008","碍悼备","0.034","0.015","0.4","0.006","53",""
"2008","碍合备","0.034","0.021","0.6","0.007","55",""
"2008","碍辑备","0.04","0.017","0.5","0.006","57",""
"2008","包厩备","0.043","0.019","0.6","0.007","56",""
"2008","堡柳备","0.034","0.02","0.7","0.005","48",""
"2008","备肺备","0.038","0.021","0.6","0.005","55",""
"2008","备肺备2","0.036","0.018","0.6","0.006","63",""
"2008","陛玫备","0.04","0.02","0.5","0.007","56",""
"2008","畴盔备","0.033","0.017","0.5","0.006","58",""
"2008","档豪备","0.036","0.022","0.8","0.007","53",""
"2008","档魂措肺","0.052","0.011","0.9","0.007","54",""
"2008","悼措巩备","0.04","0.02","0.6","0.008","49",""
"2008","悼累备","0.038","0.018","0.5","0.006","61",""
"2008","付器备","0.041","0.019","0.5","0.007","60",""
"2008","辑措巩备","0.035","0.017","0.6","0.005","56",""
"2008","辑檬备","0.039","0.019","0.6","0.004","55",""
"2008","己悼备","0.038","0.02","0.5","0.004","54",""
"2008","己合备","0.038","0.019","0.7","0.005","50",""
"2008","价颇备","0.034","0.022","0.7","0.005","53",""
"2008","价颇备2","0.037","0.017","0.5","0.006","58",""
"2008","脚锰肺","0.059","0.013","1.1","0.006","63",""
"2008","剧玫备","0.038","0.019","0.5","0.007","53",""
"2008","康殿器备","0.039","0.016","0.6","0.006","56",""
"2008","康殿器肺","0.063","0.01","0.8","0.007","68",""
"2008","侩魂备","0.043","0.016","0.5","0.005","55",""
"2008","篮乞备","0.029","0.021","0.5","0.005","55",""
"2008","辆肺","0.052","0.014","0.7","0.006","55",""
"2008","辆肺备","0.036","0.019","0.6","0.008","52",""
"2008","吝备","0.039","0.019","0.7","0.004","53",""
"2008","吝尔备","0.041","0.016","0.6","0.009","58",""
"2008","玫龋措肺","0.05","0.014","0.7","0.005","50",""
"2008","没拌玫肺","0.047","0.013","1","0.009","56",""
"2008","茄碍措肺","0.056","0.009","0.9","0.006","63",""
"2008","全釜肺","0.058","0.009","0.7","0.007","61",""
"2008","全瘤巩","0.046","0.011","0.8","0.008","59",""
"2007","碍巢备","0.035","0.021","0.7","0.006","60",""
"2007","碍悼备","0.037","0.017","0.6","0.006","65",""
"2007","碍合备","0.036","0.019","0.6","0.008","59",""
"2007","碍辑备","0.034","0.015","0.5","0.005","61",""
"2007","包厩备","0.041","0.019","0.7","0.007","61",""
"2007","堡柳备","0.033","0.019","0.6","0.005","58",""
"2007","备肺备","0.038","0.022","0.7","0.005","60",""
"2007","备肺备2","0.036","0.017","0.6","0.005","64",""
"2007","陛玫备","0.043","0.019","0.7","0.007","63",""
"2007","畴盔备","0.034","0.021","0.6","0.006","56",""
"2007","档豪备","0.037","0.019","0.7","0.006","65",""
"2007","档魂措肺","0.052","0.011","1","0.008","61",""
"2007","悼措巩备","0.042","0.019","0.7","0.008","63",""
"2007","悼累备","0.037","0.018","0.6","0.008","61",""
"2007","付器备","0.039","0.018","0.7","0.007","58",""
"2007","辑措巩备","0.04","0.02","0.9","0.006","61",""
"2007","辑檬备","0.038","0.018","0.7","0.006","64",""
"2007","己悼备","0.042","0.016","0.7","0.006","62",""
"2007","己合备","0.038","0.019","0.7","0.006","58",""
"2007","价颇备","0.037","0.018","0.7","0.005","70",""
"2007","价颇备2","0.042","0.017","0.7","0.007","66",""
"2007","脚锰肺","0.054","0.007","0.6","0.007","70",""
"2007","剧玫备","0.038","0.018","0.7","0.008","57",""
"2007","康殿器备","0.044","0.016","0.6","0.007","55",""
"2007","康殿器肺","0.051","0.008","0.7","0.007","68",""
"2007","侩魂备","0.038","0.017","0.6","0.006","63",""
"2007","篮乞备","0.028","0.019","0.6","0.005","64",""
"2007","辆肺备","0.037","0.018","0.7","0.008","59",""
"2007","吝备","0.036","0.017","0.7","0.006","59",""
"2007","吝尔备","0.043","0.016","0.6","0.008","67",""
"2007","玫龋措肺","","","","","",""
"2007","没拌玫肺","0.044","0.009","0.7","0.006","66",""
"2007","茄碍措肺","0.053","0.009","0.8","0.007","69",""
"2007","全釜肺","0.059","0.009","1","0.009","72",""
"2007","全瘤巩","0.047","0.012","0.9","0.009","71",""
"2006","碍巢备","0.036","0.016","0.5","0.006","58",""
"2006","碍悼备","0.035","0.016","0.7","0.007","62",""
"2006","碍合备","0.034","0.02","0.7","0.006","55",""
"2006","碍辑备","0.04","0.017","0.6","0.004","65",""
"2006","包厩备","0.04","0.018","0.6","0.007","60",""
"2006","堡柳备","0.033","0.017","0.5","0.005","68",""
"2006","备肺备","0.035","0.016","0.6","0.005","62",""
"2006","备肺备2","0.035","0.015","0.5","0.004","67",""
"2006","陛玫备","0.036","0.017","0.7","0.007","62",""
"2006","畴盔备","0.031","0.023","0.6","0.005","54",""
"2006","档豪备","0.031","0.017","0.5","0.005","62",""
"2006","档魂措肺","0.051","0.01","1","0.006","67",""
"2006","悼措巩备","0.043","0.02","0.6","0.006","65",""
"2006","悼累备","0.036","0.018","0.7","0.006","57",""
"2006","付器备","0.04","0.019","0.8","0.006","53",""
"2006","辑措巩备","0.035","0.017","0.6","0.004","57",""
"2006","辑檬备","0.039","0.017","0.7","0.006","59",""
"2006","己悼备","0.031","0.016","0.5","0.005","60",""
"2006","己合备","0.034","0.016","0.6","0.005","51",""
"2006","价颇备","0.034","0.017","0.5","0.006","61",""
"2006","价颇备2","0.044","0.019","0.6","0.006","60",""
"2006","脚锰肺","0.051","0.009","0.7","0.007","59",""
"2006","剧玫备","0.037","0.017","0.7","0.005","58",""
"2006","康殿器备","0.04","0.016","0.6","0.007","55",""
"2006","康殿器肺","0.046","0.008","0.6","0.007","56",""
"2006","侩魂备","0.035","0.017","0.5","0.005","58",""
"2006","篮乞备","0.027","0.022","0.6","0.004","69",""
"2006","辆肺备","0.035","0.017","0.6","0.005","60",""
"2006","吝备","0.04","0.017","0.7","0.005","60",""
"2006","吝尔备","0.038","0.015","0.6","0.006","55",""
"2006","玫龋措肺","","","","","",""
"2006","没拌玫肺","0.042","0.01","0.7","0.007","61",""
"2006","茄碍措肺","0.053","0.008","0.8","0.007","65",""
"2006","全釜肺","0.054","0.008","1.4","0.008","70",""
"2006","全瘤巩","0.045","0.012","0.9","0.008","70",""
"2005","碍巢备","0.036","0.015","0.5","0.005","46",""
"2005","碍悼备","0.034","0.018","0.6","0.005","59",""
"2005","碍合备","0.035","0.02","0.6","0.007","55",""
"2005","碍辑备","0.034","0.017","0.6","0.004","62",""
"2005","包厩备","0.037","0.021","0.6","0.006","53",""
"2005","堡柳备","0.032","0.018","0.5","0.004","68",""
"2005","备肺备","0.036","0.016","0.5","0.005","57",""
"2005","备肺备2","0.028","0.012","0.5","0.004","63",""
"2005","陛玫备","0.033","0.02","0.6","0.006","55",""
"2005","畴盔备","0.03","0.023","0.6","0.005","53",""
"2005","档豪备","0.03","0.02","0.4","0.005","72",""
"2005","档魂措肺","0.05","0.01","1","0.007","71",""
"2005","悼措巩备","0.048","0.017","0.5","0.007","47",""
"2005","悼累备","0.032","0.02","0.7","0.005","56",""
"2005","付器备","0.036","0.015","0.7","0.006","44",""
"2005","辑措巩备","0.037","0.013","0.8","0.005","58",""
"2005","辑檬备","0.036","0.015","0.5","0.006","61",""
"2005","己悼备","0.034","0.015","0.5","0.004","62",""
"2005","己合备","0.028","0.014","0.5","0.004","52",""
"2005","价颇备","0.037","0.014","0.5","0.005","55",""
"2005","价颇备2","0.036","0.015","0.5","0.005","56",""
"2005","脚锰肺","0.052","0.008","0.7","0.006","65",""
"2005","剧玫备","0.035","0.018","0.6","0.006","56",""
"2005","康殿器备","0.032","0.016","0.5","0.006","53",""
"2005","康殿器肺","0.051","0.007","0.7","0.006","65",""
"2005","侩魂备","0.032","0.014","0.4","0.006","63",""
"2005","篮乞备","0.028","0.022","0.5","0.004","70",""
"2005","辆肺备","0.032","0.02","0.6","0.007","52",""
"2005","吝备","0.039","0.017","0.7","0.004","73",""
"2005","吝尔备","0.037","0.015","0.6","0.006","58",""
"2005","玫龋措肺","0.011","0.018","0.1","0.029","399",""
"2005","没拌玫肺","0.057","0.006","0.7","0.007","72",""
"2005","茄碍措肺","0.054","0.007","0.8","0.007","79",""
"2005","全釜肺","0.053","0.008","1.5","0.01","65",""
"2005","全瘤巩","0.047","0.01","1","0.009","70",""
"2004","碍巢备","0.036","0.014","0.5","0.005","53",""
"2004","碍悼备","0.037","0.015","0.6","0.005","52",""
"2004","碍合备","0.039","0.013","0.7","0.006","66",""
"2004","碍辑备","0.039","0.016","0.7","0.005","61",""
"2004","包厩备","0.044","0.018","0.6","0.005","66",""
"2004","堡柳备","0.036","0.015","0.5","0.004","61",""
"2004","备肺备","0.042","0.015","0.7","0.006","58",""
"2004","备肺备2","0.032","0.01","0.5","0.003","62",""
"2004","陛玫备","0.036","0.013","0.5","0.005","51",""
"2004","畴盔备","0.034","0.017","0.7","0.005","62",""
"2004","档豪备","0.032","0.016","0.4","0.003","63",""
"2004","档魂措肺","0.049","0.009","1.1","0.009","69",""
"2004","悼措巩备","0.038","0.013","0.6","0.006","63",""
"2004","悼累备","0.031","0.01","0.5","0.005","57",""
"2004","付器备","0.035","0.015","0.6","0.005","39",""
"2004","辑措巩备","0.04","0.012","0.7","0.004","56",""
"2004","辑檬备","0.038","0.011","0.6","0.006","63",""
"2004","己悼备","0.036","0.012","0.6","0.004","63",""
"2004","己合备","0.033","0.011","0.6","0.003","63",""
"2004","价颇备","0.033","0.013","0.4","0.004","55",""
"2004","价颇备2","0.039","0.013","0.6","0.005","59",""
"2004","脚锰肺","0.062","0.007","0.7","0.006","72",""
"2004","剧玫备","0.035","0.012","0.6","0.004","59",""
"2004","康殿器备","0.046","0.014","0.5","0.007","63",""
"2004","康殿器肺","0.06","0.007","0.6","0.008","75",""
"2004","侩魂备","0.04","0.014","0.4","0.005","62",""
"2004","篮乞备","0.029","0.02","0.5","0.004","67",""
"2004","辆肺备","0.034","0.012","0.5","0.005","65",""
"2004","吝备","0.045","0.014","0.7","0.004","77",""
"2004","吝尔备","0.031","0.016","0.6","0.006","58",""
"2004","玫龋措肺","","","","","",""
"2004","没拌玫肺","0.07","0.007","0.6","0.007","78",""
"2004","茄碍措肺","0.052","0.005","1","0.006","66",""
"2004","全釜肺","0.053","0.008","1.6","0.01","75",""
"2004","全瘤巩","0.053","0.007","0.9","0.011","74",""
"2003","碍巢备","0.04","0.012","0.7","0.006","63",""
"2003","碍悼备","0.036","0.016","0.7","0.005","64",""
"2003","碍合备","0.032","0.013","0.7","0.005","79",""
"2003","碍辑备","0.041","0.015","0.7","0.004","68",""
"2003","包厩备","0.046","0.014","0.7","0.006","68",""
"2003","堡柳备","0.032","0.012","0.6","0.004","82",""
"2003","备肺备","0.04","0.012","0.8","0.005","62",""
"2003","备肺备2","0.038","0.011","0.6","0.004","88",""
"2003","陛玫备","0.043","0.014","0.7","0.005","64",""
"2003","畴盔备","0.033","0.016","0.7","0.005","69",""
"2003","档豪备","0.032","0.014","0.4","0.005","68",""
"2003","档魂措肺","0.05","0.008","1.3","0.007","82",""
"2003","悼措巩备","0.039","0.013","0.9","0.006","64",""
"2003","悼累备","0.039","0.013","0.6","0.004","59",""
"2003","付器备","0.044","0.015","0.7","0.005","73",""
"2003","辑措巩备","0.041","0.013","0.6","0.004","65",""
"2003","辑檬备","0.044","0.013","0.5","0.006","65",""
"2003","己悼备","0.035","0.012","0.6","0.004","77",""
"2003","己合备","0.028","0.013","0.7","0.003","77",""
"2003","价颇备","0.035","0.014","0.4","0.004","69",""
"2003","价颇备2","0.039","0.013","0.6","0.005","67",""
"2003","脚锰肺","0.039","0.009","0.7","0.007","79",""
"2003","剧玫备","0.035","0.012","0.7","0.004","69",""
"2003","康殿器备","0.047","0.012","0.7","0.007","68",""
"2003","康殿器肺","0.048","0.009","0.5","0.005","59",""
"2003","侩魂备","0.043","0.013","0.5","0.005","66",""
"2003","篮乞备","0.033","0.02","0.6","0.004","73",""
"2003","辆肺备","0.031","0.011","0.6","0.004","63",""
"2003","吝备","0.038","0.014","0.8","0.005","79",""
"2003","吝尔备","0.042","0.013","0.7","0.007","63",""
"2003","玫龋措肺","","","","","",""
"2003","没拌玫肺","0.056","0.008","0.8","0.006","77",""
"2003","茄碍措肺","0.044","0.008","1.1","0.005","68",""
"2003","全釜肺","0.055","0.008","1.4","0.008","74",""
"2003","全瘤巩","0.053","0.009","1","0.007","72",""
"2002","碍巢备","0.039","0.015","0.7","0.005","95",""
"2002","碍悼备","0.039","0.014","0.6","0.004","72",""
"2002","碍合备","0.034","0.011","0.7","0.005","79",""
"2002","碍辑备","0.037","0.015","0.7","0.003","75",""
"2002","包厩备","0.045","0.017","0.7","0.006","82",""
"2002","堡柳备","0.034","0.015","0.7","0.005","85",""
"2002","备肺备","0.038","0.012","0.5","0.005","68",""
"2002","备肺备2","0.033","0.013","0.7","0.004","92",""
"2002","陛玫备","0.036","0.011","0.7","0.005","66",""
"2002","畴盔备","0.032","0.015","0.7","0.004","77",""
"2002","档豪备","0.033","0.017","0.4","0.005","76",""
"2002","档魂措肺","0.053","0.008","1.2","0.005","77",""
"2002","悼措巩备","0.038","0.013","0.9","0.005","74",""
"2002","悼累备","0.034","0.014","0.7","0.005","57",""
"2002","付器备","0.04","0.016","0.7","0.006","78",""
"2002","辑措巩备","0.038","0.011","0.6","0.004","66",""
"2002","辑檬备","0.037","0.013","0.5","0.005","71",""
"2002","己悼备","0.031","0.009","0.6","0.004","83",""
"2002","己合备","0.035","0.013","0.7","0.004","70",""
"2002","价颇备","0.031","0.014","0.4","0.004","77",""
"2002","价颇备2","0.038","0.015","0.7","0.006","81",""
"2002","脚锰肺","0.06","0.01","0.8","0.006","87",""
"2002","剧玫备","0.035","0.013","0.7","0.004","73",""
"2002","康殿器备","0.04","0.014","0.6","0.007","73",""
"2002","康殿器肺","0.062","0.01","0.7","0.008","85",""
"2002","侩魂备","0.039","0.012","0.5","0.005","77",""
"2002","篮乞备","0.031","0.021","0.8","0.005","77",""
"2002","辆肺备","","","","","",""
"2002","吝备","0.03","0.018","1","0.005","96",""
"2002","吝尔备","0.043","0.014","0.6","0.005","76",""
"2002","玫龋措肺","","","","","",""
"2002","没拌玫肺","0.046","0.008","0.7","0.005","87",""
"2002","茄碍措肺","0.045","0.01","1.1","0.005","72",""
"2002","全釜肺","0.074","","1.3","","94",""
"2002","全瘤巩","0.05","0.012","1.3","0.006","",""
"2001","碍巢备","0.037","0.014","0.9","0.004","81",""
"2001","碍悼备","0.044","0.012","0.9","0.003","89",""
"2001","碍合备","0.047","0.012","0.7","0.004","85",""
"2001","碍辑备","0.035","0.015","0.7","0.004","66",""
"2001","包厩备","0.034","0.024","0.9","0.005","",""
"2001","堡柳备","0.041","0.016","0.8","0.004","83",""
"2001","备肺备","0.038","0.013","0.7","0.005","61",""
"2001","备肺备2","0.031","0.012","0.7","0.003","83",""
"2001","陛玫备","0.036","0.013","0.8","0.003","59",""
"2001","畴盔备","0.035","0.021","0.8","0.005","75",""
"2001","档豪备","0.029","0.018","0.7","0.005","66",""
"2001","档魂措肺","0.057","0.009","1.3","0.005","55",""
"2001","悼措巩备","0.037","0.016","0.8","0.005","73",""
"2001","悼累备","0.037","0.012","0.7","0.004","61",""
"2001","付器备","0.038","0.011","0.9","0.006","73",""
"2001","辑措巩备","0.039","0.013","0.8","0.004","62",""
"2001","辑檬备","0.035","0.012","0.4","0.005","55",""
"2001","己悼备","0.037","0.01","0.7","0.004","83",""
"2001","己合备","0.03","0.016","1.5","0.007","64",""
"2001","价颇备","0.031","0.014","0.5","0.004","60",""
"2001","价颇备2","0.046","0.015","0.8","0.005","50",""
"2001","脚锰肺","0.066","0.012","0.8","0.008","70",""
"2001","剧玫备","0.038","0.011","0.8","0.004","76",""
"2001","康殿器备","0.035","0.018","1.4","0.008","53",""
"2001","康殿器肺","0.055","0.01","1.1","0.006","72",""
"2001","侩魂备","0.036","0.014","0.5","0.005","65",""
"2001","篮乞备","0.029","0.023","1.2","0.007","59",""
"2001","辆肺备","0.047","0.021","0.8","0.005","94",""
"2001","吝备","0.036","0.014","1.3","0.008","57",""
"2001","吝尔备","0.032","0.018","1.6","0.007","84",""
"2001","玫龋措肺","","","","","",""
"2001","没拌玫肺","0.043","0.011","0.7","0.005","71",""
"2001","茄碍措肺","0.058","0.014","1.5","0.008","88",""
"2001","全釜肺","0.064","","1","","69",""
"2001","全瘤巩","0.047","0.014","1.8","0.01","81",""
"2000","碍巢备","0.032","0.016","1","0.006","72",""
"2000","碍悼备","0.037","0.015","0.8","0.004","72",""
"2000","碍合备","0.043","0.013","0.7","0.007","90",""
"2000","碍辑备","0.037","0.015","0.7","0.004","57",""
"2000","包厩备","0.018","0.026","0.8","0.005","",""
"2000","堡柳备","0.035","0.014","0.7","0.005","70",""
"2000","备肺备","0.038","0.016","0.7","0.005","51",""
"2000","备肺备2","0.029","0.018","0.7","0.004","73",""
"2000","陛玫备","0.04","0.01","0.8","0.005","63",""
"2000","畴盔备","0.037","0.024","0.8","0.007","71",""
"2000","档豪备","0.03","0.022","0.8","0.007","67",""
"2000","档魂措肺","0.058","0.011","1.6","0.007","52",""
"2000","悼措巩备","0.032","0.015","1.1","0.007","58",""
"2000","悼累备","0.031","0.01","0.8","0.006","58",""
"2000","付器备","0.034","0.017","1","0.008","65",""
"2000","辑措巩备","0.045","0.015","0.8","0.006","59",""
"2000","辑檬备","0.038","0.018","0.5","0.005","48",""
"2000","己悼备","0.041","0.012","0.7","0.004","75",""
"2000","己合备","0.026","0.019","0.9","0.011","",""
"2000","价颇备","0.033","0.016","0.7","0.005","45",""
"2000","价颇备2","0.036","0.016","0.9","0.01","44",""
"2000","脚锰肺","0.053","0.011","1.5","0.009","76",""
"2000","剧玫备","0.037","0.015","1","0.005","70",""
"2000","康殿器备","0.038","0.017","1.2","0.008","46",""
"2000","康殿器肺","0.073","","1.6","","58",""
"2000","侩魂备","0.04","0.018","1","0.006","69",""
"2000","篮乞备","0.026","0.021","0.8","0.006","38",""
"2000","辆肺备","0.046","0.017","0.9","0.006","78",""
"2000","吝备","0.026","0.013","1.4","0.008","53",""
"2000","吝尔备","0.032","0.017","1.4","0.007","76",""
"2000","玫龋措肺","","","","","",""
"2000","没拌玫肺","0.061","","1.5","","69",""
"2000","茄碍措肺","","","","","",""
"2000","全釜肺","0.076","","1.5","","69",""
"2000","全瘤巩","","","","","",""
"1999","碍巢备","0.025","0.016","1.3","0.006","68",""
"1999","碍悼备","0.035","0.015","0.8","0.006","75",""
"1999","碍合备","0.035","0.011","0.9","0.007","68",""
"1999","碍辑备","0.042","0.016","0.7","0.007","56",""
"1999","包厩备","0.013","0.026","1.1","0.004","",""
"1999","堡柳备","0.032","0.017","0.8","0.006","",""
"1999","备肺备","0.04","0.017","0.8","0.008","58",""
"1999","备肺备2","0.032","0.016","0.8","0.006","",""
"1999","陛玫备","0.036","0.013","1.2","0.008","63",""
"1999","畴盔备","0.036","0.017","0.8","0.005","72",""
"1999","档豪备","0.033","0.022","0.8","0.008","58",""
"1999","档魂措肺","0.063","0.01","1.5","0.005","",""
"1999","悼措巩备","0.029","0.014","1.4","0.008","66",""
"1999","悼累备","0.033","0.013","1","0.008","59",""
"1999","付器备","0.023","0.014","1.4","0.007","71",""
"1999","辑措巩备","0.042","0.014","0.9","0.008","64",""
"1999","辑檬备","0.043","0.016","0.9","0.006","58",""
"1999","己悼备","0.037","0.016","1","0.008","",""
"1999","己合备","0.035","0.015","1.2","0.01","",""
"1999","价颇备","0.033","0.017","0.8","0.006","47",""
"1999","价颇备2","0.021","0.017","1.7","0.01","53",""
"1999","脚锰肺","0.055","0.011","1.7","0.006","",""
"1999","剧玫备","0.036","0.013","1.1","0.006","77",""
"1999","康殿器备","0.032","0.018","1.7","0.006","88",""
"1999","康殿器肺","0.059","","1.7","","",""
"1999","侩魂备","0.04","0.016","1.1","0.006","",""
"1999","篮乞备","0.027","0.023","1.1","0.006","50",""
"1999","辆肺备","0.033","0.015","1.1","0.006","73",""
"1999","吝备","0.024","0.014","1.5","0.007","70",""
"1999","吝尔备","0.023","0.015","1.5","0.009","96",""
"1999","玫龋措肺","","","","","",""
"1999","没拌玫肺","0.076","","1.6","","",""
"1999","茄碍措肺","0.04","0.011","2.7","0.012","80",""
"1999","全釜肺","0.068","","1.6","","",""
"1999","全瘤巩","0.032","0.011","2.9","0.017","43",""
"1998","碍巢备","0.018","0.017","1.1","0.008","",""
"1998","碍悼备","0.033","0.015","0.8","0.005","65",""
"1998","碍合备","0.04","0.013","1.2","0.01","67",""
"1998","碍辑备","0.051","0.017","0.9","0.006","58",""
"1998","包厩备","0.022","0.023","1.2","0.005","",""
"1998","堡柳备","0.03","0.021","0.8","0.006","",""
"1998","备肺备","0.031","0.012","0.7","0.009","57",""
"1998","备肺备2","0.026","0.015","0.7","0.007","",""
"1998","陛玫备","0.032","0.013","1.2","0.007","65",""
"1998","畴盔备","0.032","0.016","1","0.008","65",""
"1998","档豪备","0.033","0.021","0.9","0.011","64",""
"1998","档魂措肺","0.056","0.008","1.5","0.006","",""
"1998","悼措巩备","0.033","0.015","1.4","0.008","64",""
"1998","悼累备","0.033","0.018","0.9","0.01","64",""
"1998","付器备","0.029","0.011","1.3","0.006","91",""
"1998","辑措巩备","0.04","0.017","0.9","0.006","",""
"1998","辑檬备","0.04","0.016","0.9","0.006","53",""
"1998","己悼备","0.031","0.018","1","0.009","",""
"1998","己合备","0.035","0.015","1.4","0.009","",""
"1998","价颇备","0.032","0.019","0.8","0.007","46",""
"1998","价颇备2","0.013","0.013","1.9","0.008","",""
"1998","脚锰肺","0.081","0.008","1.7","0.009","",""
"1998","剧玫备","0.036","0.015","1","0.008","64",""
"1998","康殿器备","0.021","0.018","1.2","0.007","",""
"1998","康殿器肺","0.052","","1.7","","",""
"1998","侩魂备","0.039","0.017","1","0.007","",""
"1998","篮乞备","0.019","0.022","1.2","0.008","54",""
"1998","辆肺备","0.039","0.016","1.2","0.006","69",""
"1998","吝备","0.026","0.013","1.6","0.007","49",""
"1998","吝尔备","0.018","0.017","1.6","0.008","62",""
"1998","玫龋措肺","","","","","",""
"1998","没拌玫肺","0.072","","1.6","","",""
"1998","茄碍措肺","0.018","0.009","2.9","0.009","78",""
"1998","全釜肺","0.063","0.088","1.5","0.006","",""
"1998","全瘤巩","0.049","0.01","2.5","0.016","54",""
"1997","碍巢备","0.027","0.016","1.7","0.014","1",""
"1997","碍辑备","0.047","0.016","0.9","0.007","60",""
"1997","包厩备","0.023","0.022","0.8","0.007","",""
"1997","堡柳备","0.036","0.024","0.8","0.008","",""
"1997","备肺备","0.032","0.012","0.7","0.009","77",""
"1997","备肺备2","0.03","0.014","0.7","0.009","",""
"1997","档豪备","0.04","0.02","1","0.016","78",""
"1997","档魂措肺","0.07","0.01","2","0.009","",""
"1997","悼措巩备","0.041","0.012","1.3","0.011","79",""
"1997","付器备","0.032","0.01","1.6","0.01","87",""
"1997","辑措巩备","0.036","0.015","1","0.009","",""
"1997","辑檬备","0.037","0.015","1","0.01","60",""
"1997","己悼备","0.032","0.015","1.1","0.012","",""
"1997","己合备","0.034","0.017","1.9","0.017","",""
"1997","价颇备","0.039","0.017","0.8","0.005","55",""
"1997","价颇备2","0.018","0.012","1.6","0.006","0",""
"1997","脚锰肺","0.067","0.009","1.9","0.014","",""
"1997","康殿器备","0.031","0.016","1.3","0.017","",""
"1997","康殿器肺","0.079","","2","","",""
"1997","侩魂备","0.04","0.015","1.1","0.009","",""
"1997","篮乞备","0.02","0.018","1.4","0.008","56",""
"1997","辆肺备","","","","","",""
"1997","吝备","0.028","0.013","1.1","0.011","57",""
"1997","吝尔备","0.021","0.016","1.6","0.01","68",""
"1997","玫龋措肺","","","","","",""
"1997","没拌玫肺","0.08","","1.7","","",""
"1997","茄碍措肺","0.048","0.011","2.6","0.012","75",""
"1997","全釜肺","0.065","0.012","1.5","0.018","",""
"1997","全瘤巩","0.038","0.011","2.8","0.015","78",""
"1996","碍巢备","0.021","0.013","1.3","0.012","",""
"1996","碍辑备","0.044","0.016","1","0.009","67",""
"1996","包厩备","0.013","0.021","0.7","0.012","",""
"1996","堡柳备","0.036","0.023","0.8","0.009","",""
"1996","备肺备","0.034","0.011","0.9","0.012","64",""
"1996","备肺备2","0.03","0.015","0.9","0.011","",""
"1996","档豪备","0.042","0.021","1.1","0.016","83",""
"1996","档魂措肺","0.067","0.009","2.7","0.013","",""
"1996","悼措巩备","0.042","0.015","1.5","0.013","91",""
"1996","付器备","0.032","0.011","1.9","0.015","53",""
"1996","辑措巩备","0.032","0.012","1.2","0.012","",""
"1996","辑檬备","0.034","0.012","0.8","0.01","77",""
"1996","己悼备","0.038","0.014","1.2","0.013","",""
"1996","己合备","0.029","0.016","1.5","0.024","",""
"1996","价颇备","0.037","0.018","1","0.007","59",""
"1996","价颇备2","0.037","0.018","1.4","0.014","",""
"1996","脚锰肺","0.087","0.009","2.2","0.017","",""
"1996","康殿器备","0.028","0.015","1.7","0.023","",""
"1996","康殿器肺","0.074","0.018","2.7","0.004","",""
"1996","侩魂备","0.034","0.014","1.6","0.011","",""
"1996","篮乞备","0.019","0.02","1.7","0.007","58",""
"1996","吝备","0.035","0.012","1.5","0.013","78",""
"1996","吝尔备","0.042","0.015","1.2","0.014","84",""
"1996","玫龋措肺","","","","","",""
"1996","没拌玫肺","0.084","0.002","2.2","0.018","",""
"1996","全釜肺","0.046","","2.4","","",""
"1996","全瘤巩","0.028","0.009","3.5","0.021","91",""
"1995","碍巢备","0.022","0.012","1.7","0.018","",""
"1995","碍辑备","0.052","0.009","1.1","0.014","68",""
"1995","包厩备","0.021","0.015","0.8","0.012","",""
"1995","堡柳备","0.032","0.016","0.9","0.013","",""
"1995","备肺备","0.029","0.011","0.9","0.018","64",""
"1995","备肺备2","0.032","0.014","1","0.015","",""
"1995","档豪备","0.036","0.02","1","0.022","83",""
"1995","档魂措肺","0.048","0.007","1.9","0.016","",""
"1995","悼措巩备","0.038","0.012","1.6","0.019","97",""
"1995","付器备","0.034","0.011","1.4","0.02","73",""
"1995","辑措巩备","0.034","0.009","1.3","0.018","",""
"1995","辑檬备","0.033","0.012","0.7","0.014","81",""
"1995","己悼备","0.039","0.013","1.3","0.018","",""
"1995","己合备","0.022","0.016","1.4","0.024","",""
"1995","价颇备","0.034","0.016","1","0.01","58",""
"1995","价颇备2","0.037","0.015","1.3","0.018","",""
"1995","脚锰肺","0.074","0.009","2.1","0.03","",""
"1995","康殿器备","0.027","0.013","1.7","0.024","",""
"1995","康殿器肺","0.062","","2.5","","",""
"1995","侩魂备","0.031","0.011","1.7","0.014","",""
"1995","篮乞备","0.027","0.014","1.9","0.013","66",""
"1995","吝备","0.039","0.013","1.1","0.02","87",""
"1995","吝尔备","0.025","0.011","1.5","0.019","89",""
"1995","玫龋措肺","","","","","",""
"1995","没拌玫肺","0.076","","2.3","","",""
"1995","全釜肺","0.057","","3.3","","",""
"1994","碍巢备","","","","","",""
"1994","碍辑备","0.044","0.015","1.1","0.015","",""
"1994","包厩备","","","","","",""
"1994","堡柳备","0.027","0.012","1","0.012","",""
"1994","备肺备","0.021","0.017","1.1","0.02","",""
"1994","备肺备2","0.032","0.016","1.1","0.016","",""
"1994","档豪备","0.024","0.018","1.4","0.024","",""
"1994","悼措巩备","","","","","",""
"1994","付器备","","","","","",""
"1994","辑措巩备","0.035","0.014","1.5","0.019","",""
"1994","辑檬备","0.042","0.016","0.9","0.016","",""
"1994","己悼备","0.028","0.015","1.3","0.022","",""
"1994","己合备","","","","","",""
"1994","价颇备","0.028","0.018","1.1","0.011","",""
"1994","价颇备2","","","","","",""
"1994","脚锰肺","0.077","0.009","2.2","0.032","",""
"1994","康殿器备","","","","","",""
"1994","康殿器肺","0.051","0.012","2.6","0.032","",""
"1994","侩魂备","0.04","0.015","1.6","0.018","",""
"1994","篮乞备","","","","","",""
"1994","吝备","","","","","",""
"1994","玫龋措肺","","","","","",""
"1994","没拌玫肺","0.07","0.002","2","0.041","",""
"1993","碍辑备","0.035","0.011","1","0.022","",""
"1993","堡柳备","0.022","0.011","1.1","0.014","",""
"1993","备肺备","0.032","0.014","1.3","0.03","",""
"1993","备肺备2","0.03","0.016","1.3","0.021","",""
"1993","档豪备","0.031","0.016","1.7","0.03","",""
"1993","辑措巩备","0.03","0.013","1.7","0.025","",""
"1993","辑檬备","0.037","0.014","1.3","0.016","",""
"1993","己悼备","0.035","0.014","1.4","0.028","",""
"1993","价颇备","0.027","0.015","1.1","0.013","",""
"1993","价颇备2","","","","","",""
"1993","脚锰肺","0.075","0.004","2.7","0.044","",""
"1993","康殿器肺","0.068","0.005","3.5","0.019","",""
"1993","侩魂备","0.037","0.011","1.8","0.023","",""
"1993","玫龋措肺","","","","","",""
"1993","没拌玫肺","0.062","0.005","2.6","0.022","",""
"1992","碍辑备","0.031","0.014","1.2","0.028","",""
"1992","堡柳备","0.02","0.015","1.3","0.023","",""
"1992","备肺备","0.031","0.016","1.6","0.047","",""
"1992","备肺备2","0.029","0.01","1.9","0.029","",""
"1992","档豪备","0.033","0.014","3","0.046","",""
"1992","辑措巩备","0.026","0.02","1.9","0.037","",""
"1992","辑檬备","0.033","0.009","1.6","0.025","",""
"1992","己悼备","0.042","0.006","3","0.074","",""
"1992","价颇备","0.032","0.013","1.4","0.021","68",""
"1992","价颇备2","0.035","0.004","1.8","0.04","",""
"1992","侩魂备","0.037","0.011","1.8","0.034","",""
"1992","玫龋措肺","0.105","0.014","1.4","0.019","",""
"1991","碍辑备","0.03","0.011","1.2","0.02","",""
"1991","堡柳备","0.031","0.019","1.3","0.023","",""
"1991","备肺备","0.031","0.017","1.6","0.061","",""
"1991","备肺备2","0.029","0.007","2.3","0.04","",""
"1991","档豪备","0.026","0.011","2.4","0.051","",""
"1991","辑措巩备","0.03","0.018","2.1","0.036","",""
"1991","辑檬备","0.034","0.011","3.3","0.028","",""
"1991","己悼备","0.047","0.009","2.4","0.054","",""
"1991","价颇备","0.034","0.013","1.6","0.035","78",""
"1991","价颇备2","0.029","0.011","1.2","0.021","",""
"1991","侩魂备","0.037","0.011","2","0.037","",""
"1991","玫龋措肺","","","","","",""
"1990","堡柳备","0.036","0.008","2.5","0.025","",""
"1990","备肺备","0.026","0.014","2.9","0.074","",""
"1990","备肺备2","0.027","0.016","4","0.051","",""
"1990","档豪备","0.022","0.007","2.8","0.066","",""
"1990","辑措巩备","0.026","0.011","3.4","0.062","",""
"1990","辑檬备","0.033","0.008","2.7","0.049","",""
"1990","己悼备","0.044","0.009","2.5","0.065","",""
"1990","价颇备","0.032","0.015","1.8","0.042","57",""
"1990","价颇备2","0.033","0.009","1.7","0.04","",""
"1990","侩魂备","0.035","0.01","2.4","0.027","",""
"1990","玫龋措肺","0.021","0.014","3.5","0.02","",""
"1989","堡柳备","0.032","0.01","2.5","0.036","",""
"1989","备肺备","0.034","0.007","5.4","0.091","",""
"1989","备肺备2","0.024","0.018","4.2","0.073","",""
"1989","档豪备","0.03","0.008","4.8","0.081","",""
"1989","辑措巩备","0.033","0.013","4.5","0.105","",""
"1989","辑檬备","0.036","0.009","2.5","0.059","",""
"1989","己悼备","0.041","0.01","2.8","0.075","",""
"1989","价颇备","0.032","0.014","2","0.049","61",""
"1989","价颇备2","0.028","0.007","2","0.05","",""
"1989","侩魂备","0.039","0.011","2.1","0.084","",""
"1988","堡柳备","0.027","0.008","2.5","0.057","",""
"1988","备肺备","0.029","0.003","2.9","0.081","",""
"1988","备肺备2","0.018","0.011","3.7","0.09","",""
"1988","档豪备","0.03","0.017","4","0.097","",""
"1988","辑措巩备","0.029","0.015","4.2","0.121","",""
"1988","辑檬备","0.034","0.011","2.6","0.057","",""
"1988","己悼备","0.034","0.008","3.9","0.078","",""
"1988","价颇备","0.03","0.012","1.9","0.039","68",""
"1988","价颇备2","0.029","0.006","1.8","0.039","",""
"1988","侩魂备","0.026","0.01","2.7","0.072","",""
"1987","堡柳备","0.027","0.006","1.8","0.051","",""
"1987","备肺备","0.032","0.008","3.5","0.078","",""
"1987","备肺备2","0.022","0.008","3.2","0.103","",""
"1987","档豪备","0.033","0.012","4.6","0.097","",""
"1987","辑措巩备","0.053","0.014","4.2","0.055","",""
"1987","辑檬备","0.037","0.017","2.9","0.064","",""
"1987","己悼备","0.035","0.022","3.8","0.094","",""
"1987","价颇备","0.032","0.014","1.8","","",""
"1987","价颇备2","0.048","0.005","2","0.04","",""
"1987","侩魂备","0.026","0.012","2.6","0.056","",""
